/*******************************************************************************
 * Size: 24 px
 * Bpp: 4
 * Opts: --bpp 4 --size 24 --font C:\Windows\Fonts\hyswlongfangsong.ttf --symbols 的一是不了人我在有他这中大来上个国到说时要就出会也你对生能而子那得于着下自之年过发后作里用道行所然家种事成方多经么去法学如都同现当没动面起看定天分还进好小部其些主样理心她本前开但因只从想实日军者意无力它与长把机十民第公此已工使情明性知全三又关点正业外将两高间由问很最重并物手应战向头文体政相干之美见电期林士只影朝复系一小时地方日电数问无前法则加做产三已基月公今起好行车完强特表水化但或新己制身果加西斯月十经之边见它长儿位成入路三过大业出可主产公中多上及和就一这而来着年对你说出会要时后过发没道行能于作里用可她第现如前开但因只从想实日军者意无力它与长把机十民第公此已工使情明性知全三又关点正业外将两高间由问很最重并物手应战向头文体政相干之美见电期林士只影朝复系 --format lvgl -o font_cn_24.c
 ******************************************************************************/

#ifdef LV_LVGL_H_INCLUDE_SIMPLE
#include "lvgl.h"
#else
#include "lvgl/lvgl.h"
#endif

#ifndef FONT_CN_24
#define FONT_CN_24 1
#endif

#if FONT_CN_24

/*-----------------
 *    BITMAPS
 *----------------*/

/*Store the image of the glyphs*/
static LV_ATTRIBUTE_LARGE_CONST const uint8_t glyph_bitmap[] = {
    /* U+4E00 "一" */
    0x0, 0xff, 0xe0, 0x88, 0x7, 0xe2, 0x35, 0x8b,
    0xfc, 0x1, 0x68, 0xac, 0xee, 0xa7, 0x7b, 0xf7,
    0x0, 0x7c, 0x3b, 0xb6, 0x54, 0x32, 0x10, 0x80,

    /* U+4E09 "三" */
    0x0, 0xff, 0x94, 0x3, 0xf1, 0x23, 0xce, 0x7d,
    0xc0, 0x6, 0x5d, 0xee, 0x83, 0x3b, 0xfa, 0x0,
    0x32, 0xf7, 0x32, 0x9d, 0x48, 0x3, 0xf1, 0x80,
    0x7f, 0xfc, 0x89, 0x5e, 0xbe, 0x80, 0x3c, 0xdd,
    0xfd, 0x81, 0xfb, 0x40, 0x1e, 0x6d, 0xfc, 0x97,
    0x52, 0x0, 0xfc, 0x60, 0x1f, 0xff, 0xf0, 0x13,
    0x56, 0x8a, 0xde, 0x20, 0x79, 0xbd, 0xff, 0xdd,
    0xfe, 0x9d, 0x30, 0x20, 0xef, 0xf7, 0x65, 0x43,
    0xaa, 0x18, 0x80,

    /* U+4E0A "上" */
    0x0, 0xf1, 0x0, 0x7f, 0xf0, 0x99, 0xc0, 0x3f,
    0xf8, 0x2d, 0x2, 0x1, 0xff, 0xc0, 0x32, 0x10,
    0xf, 0xfe, 0xb, 0x0, 0x7f, 0xf0, 0x44, 0x3,
    0xff, 0xe2, 0x29, 0x1d, 0x0, 0x1f, 0xc9, 0x9c,
    0x17, 0x40, 0x1f, 0xc9, 0xb5, 0xa, 0x40, 0x1f,
    0xfd, 0xb7, 0x0, 0xff, 0xff, 0x80, 0x46, 0xd4,
    0x22, 0x35, 0x68, 0x9a, 0x3d, 0xee, 0xa8, 0x5c,
    0xfb, 0xaf, 0xce, 0xdc, 0xee, 0x6e, 0x5b, 0x0,

    /* U+4E0B "下" */
    0x0, 0xff, 0xe0, 0x8, 0x80, 0x3f, 0x9, 0xb4,
    0x5f, 0x60, 0x1b, 0x3c, 0xde, 0xf5, 0x4f, 0x73,
    0xf7, 0x0, 0x15, 0xf9, 0x3a, 0xb5, 0x48, 0x64,
    0x21, 0x3, 0xc8, 0x52, 0x0, 0x10, 0x7, 0xff,
    0x8, 0xc0, 0x3f, 0xfa, 0x2a, 0x40, 0x1f, 0xfc,
    0x15, 0x84, 0x0, 0xff, 0xe0, 0xdc, 0xa0, 0x7,
    0xff, 0x0, 0x7a, 0xd0, 0x3, 0xff, 0x80, 0x6f,
    0x20, 0x1f, 0xfc, 0x18, 0x60, 0xf, 0xfe, 0x15,
    0x0, 0x7f, 0xf0, 0x84, 0x3, 0xff, 0xb6, 0xe0,
    0x1f, 0xfc, 0x21, 0x0, 0xff, 0xe1, 0x10, 0x7,
    0xff, 0x8, 0xc0, 0x3f, 0xf8, 0x50, 0x1, 0xf8,

    /* U+4E0D "不" */
    0x0, 0xff, 0xe0, 0x88, 0x7, 0xf1, 0x2b, 0xd7,
    0x78, 0x80, 0x9, 0x5e, 0xb3, 0x7f, 0x3, 0xf3,
    0x84, 0x27, 0x3c, 0x27, 0x78, 0x25, 0xd4, 0x80,
    0x29, 0xea, 0x73, 0x1b, 0x70, 0xf, 0xfe, 0xa,
    0xc0, 0x7, 0xff, 0x1, 0x5c, 0x80, 0x3f, 0xf8,
    0x12, 0xe0, 0x1f, 0xfc, 0x4, 0x40, 0x80, 0x7f,
    0xf0, 0x22, 0xe, 0x10, 0x1, 0xfd, 0x12, 0x1,
    0x55, 0x0, 0x3e, 0x22, 0x28, 0x4, 0x5f, 0x60,
    0x1e, 0x9b, 0x0, 0xe5, 0x2a, 0x0, 0xd1, 0x1,
    0x0, 0xf4, 0xbb, 0x80, 0xb, 0xa6, 0x1, 0xfa,
    0x74, 0x10, 0x14, 0x3, 0xf9, 0x24, 0x15, 0x40,
    0x1f, 0xf1, 0x80, 0x80, 0x7f, 0xf2, 0x5c, 0x3,
    0xff, 0x82, 0x40, 0x1f, 0xfc, 0x23, 0x70, 0xf,
    0xfe, 0x8, 0xe8, 0x7, 0xc0,

    /* U+4E0E "与" */
    0x0, 0xc6, 0x1, 0xff, 0xc0, 0x69, 0x0, 0xff,
    0x84, 0x3, 0xff, 0x80, 0x3e, 0x1, 0xff, 0x19,
    0x0, 0x7f, 0xc2, 0xe0, 0x4, 0x7c, 0xc0, 0x7,
    0x7c, 0x66, 0x34, 0x7f, 0x0, 0x3d, 0xf9, 0x89,
    0x63, 0x0, 0xf0, 0xa0, 0x7, 0xfc, 0x60, 0x1e,
    0x20, 0xf, 0xe1, 0x47, 0xc5, 0x0, 0x85, 0x2b,
    0x36, 0xb4, 0x41, 0x0, 0x31, 0x46, 0x6d, 0xcb,
    0x28, 0x80, 0x43, 0x84, 0x1, 0xc2, 0x1, 0xfe,
    0x20, 0x30, 0x8, 0x4d, 0xa2, 0xb3, 0x79, 0x4,
    0x7, 0x72, 0x83, 0x2f, 0x37, 0x1f, 0xc0, 0x77,
    0x52, 0xc8, 0x20, 0x13, 0x10, 0x7, 0xe1, 0x0,
    0x13, 0x0, 0x7e, 0x26, 0xe, 0x20, 0xf, 0xc6,
    0x2e, 0xa2, 0x1, 0xfc, 0xf4, 0xe0, 0x1f, 0xf4,
    0xe0, 0x7, 0xfc, 0x8e, 0x0,

    /* U+4E1A "业" */
    0x0, 0xfc, 0x20, 0x1f, 0xfc, 0x28, 0x10, 0xf,
    0xf1, 0x98, 0x6, 0x40, 0x3f, 0xc7, 0xc0, 0xd,
    0x0, 0xff, 0x8c, 0x0, 0x20, 0x1f, 0xf1, 0x0,
    0x1c, 0x3, 0xff, 0xa6, 0x88, 0x0, 0xc2, 0x1,
    0xf8, 0xfc, 0x3, 0x38, 0x7, 0x8, 0x3, 0xc,
    0x3, 0x23, 0x0, 0x70, 0x82, 0xc0, 0x6, 0x2d,
    0x0, 0xf2, 0xb0, 0x7, 0x88, 0xc0, 0x3b, 0xa4,
    0x3, 0xdf, 0x20, 0x19, 0x8c, 0x40, 0x3c, 0x8a,
    0x1, 0xba, 0x40, 0x3e, 0x22, 0x0, 0x63, 0x10,
    0xf, 0xd0, 0x1, 0x1d, 0x80, 0x7f, 0x28, 0x6,
    0x30, 0xf, 0xfe, 0x99, 0x3a, 0x80, 0x4, 0x91,
    0x5c, 0xad, 0x3b, 0xfd, 0x9e, 0x3, 0xfb, 0xf8,
    0x17, 0xf9, 0xfe, 0xdb, 0xa0, 0x1f, 0xf5, 0xcb,
    0xaa, 0x10, 0x7, 0x80,

    /* U+4E24 "两" */
    0x0, 0xff, 0xe0, 0x88, 0x7, 0xf1, 0x2b, 0xce,
    0xf9, 0x1a, 0xbc, 0x56, 0x6e, 0x7e, 0x86, 0x77,
    0x92, 0xc8, 0x6c, 0x2e, 0xe3, 0x5b, 0xa9, 0x88,
    0x36, 0x3a, 0x92, 0x10, 0x0, 0x40, 0x3f, 0xc2,
    0x40, 0xe4, 0x2, 0x1, 0xce, 0x1, 0xe2, 0x5a,
    0x70, 0xd, 0x8a, 0xe5, 0x7a, 0x73, 0x8e, 0x60,
    0x19, 0xf4, 0x4a, 0xb5, 0x2e, 0x59, 0x40, 0x33,
    0x43, 0xa8, 0x80, 0x80, 0x7f, 0x8c, 0x80, 0x98,
    0x2, 0x10, 0xf, 0x30, 0x33, 0xb2, 0x80, 0x80,
    0x7c, 0x73, 0x7b, 0x12, 0x1, 0xfd, 0xe4, 0xa4,
    0x45, 0x60, 0xf, 0x87, 0xc2, 0xb4, 0x28, 0x3,
    0xf3, 0xa8, 0x2b, 0x1, 0xb8, 0x7, 0x8c, 0x8,
    0x0, 0x20, 0x1, 0x0, 0xf1, 0xb0, 0xb, 0x2,
    0x18, 0x7, 0xf8, 0x44, 0x9, 0x8, 0xe0, 0x1c,
    0xc0, 0x1e, 0xab, 0x70, 0xe, 0x50, 0xf, 0xc,
    0x10, 0x7, 0x40, 0x7, 0xcf, 0x60, 0x10,

    /* U+4E2A "个" */
    0x0, 0xff, 0xe5, 0x38, 0x7, 0xff, 0x4, 0x64,
    0x3, 0xff, 0x82, 0x88, 0x0, 0xff, 0xe0, 0xf8,
    0x80, 0x7f, 0xf0, 0x4, 0x53, 0x0, 0x1f, 0xf4,
    0xf9, 0x1, 0x0, 0x7f, 0x9, 0xa0, 0x4c, 0x0,
    0x7f, 0x4c, 0x1b, 0x8e, 0xa8, 0x7, 0xc4, 0x26,
    0x68, 0x7, 0x91, 0x0, 0xf4, 0x40, 0x0, 0x80,
    0xa, 0xb0, 0xe, 0x5f, 0x10, 0x0, 0x80, 0x19,
    0xe0, 0x2, 0x2d, 0x50, 0xf, 0xad, 0xf9, 0xc2,
    0xa0, 0x3, 0xf3, 0x67, 0xb9, 0xc0, 0x7, 0x18,
    0x6, 0x31, 0x3, 0x0, 0xff, 0xfa, 0x88, 0x7,
    0xff, 0x45, 0x40, 0x3f, 0xf8, 0x44, 0x20, 0x1f,
    0xfc, 0x17, 0xf0, 0xf, 0xfe, 0x8, 0xb8, 0x7,
    0xc0,

    /* U+4E2D "中" */
    0x0, 0xff, 0xe2, 0x31, 0x80, 0x7f, 0x97, 0x40,
    0x3f, 0xc4, 0x60, 0x1f, 0xe1, 0x10, 0x7, 0xff,
    0x10, 0x41, 0x0, 0x3f, 0x27, 0x8e, 0x80, 0x9b,
    0x15, 0xee, 0x79, 0x89, 0x6d, 0x50, 0x4a, 0xb7,
    0x21, 0x0, 0x76, 0xe5, 0xc0, 0x40, 0xf, 0xc0,
    0x1f, 0xe1, 0x10, 0x18, 0x80, 0x7c, 0x66, 0x0,
    0xff, 0x70, 0x4, 0x48, 0xae, 0x57, 0xba, 0x32,
    0x2, 0xfd, 0x21, 0x2a, 0xdd, 0x5b, 0x81, 0xf4,
    0xbb, 0x38, 0x80, 0x74, 0x98, 0x7, 0xf8, 0x44,
    0x1, 0xff, 0xda, 0x10, 0xf, 0xf8, 0xc0, 0x3f,
    0xe6, 0x0, 0xff, 0x90, 0x80, 0x3f, 0xe8, 0x0,
    0xf0,

    /* U+4E3B "主" */
    0x0, 0xff, 0xe4, 0xc0, 0x7, 0xff, 0xb, 0xa0,
    0x3, 0xff, 0x82, 0xee, 0x10, 0xf, 0xfe, 0x0,
    0x98, 0x80, 0x7f, 0xf0, 0x7c, 0x3, 0xff, 0x84,
    0x60, 0x71, 0x84, 0x1, 0x8d, 0x5a, 0x2f, 0x7a,
    0x6, 0xc4, 0x3, 0x4f, 0x73, 0x61, 0xba, 0xe5,
    0xcc, 0x3, 0x55, 0xc2, 0x98, 0x7, 0xff, 0x85,
    0xd6, 0x36, 0x0, 0x3d, 0x39, 0xba, 0x2c, 0xe8,
    0xb0, 0xf, 0x57, 0xee, 0x96, 0x59, 0x4c, 0x3,
    0xc6, 0x60, 0xf, 0xff, 0x48, 0x80, 0x78, 0x4d,
    0xd5, 0xe7, 0x3f, 0x4, 0x57, 0xbd, 0xcd, 0x85,
    0xd0, 0xc8, 0xce, 0x11, 0x7c, 0xff, 0x65, 0xcc,
    0x3a, 0xa1, 0x98, 0x0,

    /* U+4E48 "么" */
    0x0, 0xff, 0xe3, 0x40, 0x7, 0xfc, 0xc6, 0x1,
    0xfc, 0x60, 0x40, 0x1f, 0xd5, 0x2, 0x1, 0xfc,
    0x8c, 0x1, 0xfc, 0xd4, 0x1, 0xfe, 0xa7, 0x3,
    0x0, 0xf9, 0x68, 0x1, 0x6e, 0x1, 0xee, 0x60,
    0x2, 0x70, 0x7, 0x3f, 0x80, 0x8, 0x92, 0x1,
    0x87, 0xd0, 0x1, 0x4c, 0x1, 0xd3, 0x0, 0x12,
    0xc8, 0x6, 0x5a, 0x0, 0x95, 0x42, 0x1, 0x9c,
    0x80, 0x29, 0x90, 0x28, 0x4, 0x40, 0x12, 0xd8,
    0x80, 0xc, 0x3, 0xdc, 0xe0, 0x5, 0x90, 0xe,
    0x5e, 0x0, 0xd8, 0xe0, 0x1b, 0xd4, 0x2, 0x30,
    0x81, 0x2, 0xc6, 0xbc, 0xc5, 0x21, 0x2d, 0x81,
    0x2, 0x7e, 0xe5, 0x3a, 0x73, 0x0, 0x32, 0x10,
    0x40, 0x32, 0x20, 0x3, 0xfe, 0x80,

    /* U+4E4B "之" */
    0x0, 0xf2, 0x0, 0x7f, 0xf0, 0xb4, 0x3, 0xff,
    0x85, 0xf2, 0x1, 0xff, 0xc1, 0x76, 0x0, 0xff,
    0xe0, 0x8a, 0x80, 0x42, 0x1, 0xfe, 0xb0, 0x1,
    0xf8, 0x7, 0xf0, 0xa4, 0xee, 0x10, 0x7, 0x1b,
    0x56, 0xee, 0xa3, 0xc0, 0xe, 0xbb, 0x7e, 0xe4,
    0x35, 0x68, 0x7, 0xa3, 0x54, 0x2, 0xef, 0x10,
    0xf, 0xfa, 0xa0, 0x80, 0x3f, 0xe7, 0xd4, 0x0,
    0xff, 0x93, 0x9c, 0x3, 0xfe, 0x2f, 0x90, 0xf,
    0xf8, 0x66, 0x80, 0x3f, 0x85, 0x1f, 0xe0, 0x40,
    0x3f, 0x9e, 0xfe, 0x7d, 0xc4, 0x3, 0xf3, 0x7c,
    0x3e, 0x16, 0xc9, 0x80, 0x7f, 0xcb, 0x98, 0xed,
    0x72, 0x12, 0x40, 0xf, 0x97, 0x6e, 0x77, 0xbc,
    0x40, 0x3f, 0x9b, 0xda, 0x35, 0x40,

    /* U+4E5F "也" */
    0x0, 0xf9, 0x4, 0x3, 0xff, 0x84, 0xf6, 0x1,
    0xff, 0x10, 0x0, 0x44, 0x1, 0xff, 0x48, 0x0,
    0xc4, 0x3, 0xff, 0x80, 0xa0, 0x3, 0x0, 0xff,
    0x85, 0xc0, 0x3c, 0x20, 0x1f, 0x8c, 0x3, 0x9f,
    0x40, 0x3f, 0xf8, 0x7, 0x97, 0x40, 0x1f, 0xe3,
    0x79, 0xea, 0x50, 0xf, 0xc7, 0x1c, 0xf4, 0x42,
    0x20, 0xf, 0x87, 0xb7, 0x40, 0x17, 0x18, 0x7,
    0x2e, 0xb6, 0xa8, 0x6, 0x31, 0x0, 0x8b, 0x7f,
    0x10, 0x3, 0xfe, 0x2f, 0xa1, 0x0, 0xc4, 0x20,
    0x1f, 0x10, 0x7, 0x19, 0x5a, 0x98, 0x7, 0xfc,
    0x21, 0x15, 0x80, 0x3, 0x10, 0xe, 0x30, 0x50,
    0x28, 0x40, 0x3, 0x98, 0x7, 0xce, 0x20, 0xe2,
    0x1, 0x30, 0x6, 0x11, 0x0, 0xc8, 0x7, 0x88,
    0x3, 0x72, 0x0, 0x4, 0x3, 0x87, 0x80, 0x33,
    0xd2, 0x0, 0x70, 0xa4, 0x98, 0x6, 0x1e, 0xe6,
    0xf7, 0x3f, 0xd9, 0xe9, 0x20,

    /* U+4E86 "了" */
    0x0, 0xff, 0x10, 0x7, 0xe1, 0x47, 0xd5, 0x2,
    0x46, 0x9c, 0xed, 0xd5, 0x9a, 0x96, 0x47, 0x67,
    0x73, 0x20, 0x74, 0xb, 0xb2, 0x14, 0x80, 0x11,
    0xc2, 0x1, 0xe2, 0x3, 0xe3, 0x0, 0xf9, 0x42,
    0x9c, 0x3, 0xfa, 0x20, 0x1, 0xfc, 0x7e, 0x20,
    0x1f, 0xcb, 0xe0, 0x1f, 0xe1, 0x20, 0xf, 0xfe,
    0x58, 0x80, 0x7f, 0xf2, 0xc4, 0x3, 0xff, 0xa8,
    0x40, 0x1, 0x0, 0xfe, 0x80, 0x70, 0xf, 0xc5,
    0xd4, 0x1, 0xfe, 0x66, 0x38, 0x7, 0xfb, 0xf0,
    0x3, 0xfc, 0x6e, 0x1, 0xc0,

    /* U+4E8B "事" */
    0x0, 0xff, 0xe4, 0xa2, 0x0, 0x3f, 0xf8, 0x2b,
    0x20, 0x1f, 0xfc, 0x11, 0x60, 0xc, 0x80, 0x1f,
    0x89, 0xdd, 0x59, 0xbe, 0x40, 0x7, 0x9b, 0xdc,
    0x80, 0x28, 0xcd, 0xb2, 0x0, 0x17, 0x46, 0xe5,
    0x32, 0x82, 0xc8, 0x6, 0x57, 0xb5, 0x7a, 0x4b,
    0xb6, 0x8, 0x7, 0x84, 0x12, 0xd2, 0xe7, 0x74,
    0x1, 0xf2, 0x98, 0x33, 0x26, 0xc, 0x3, 0xc7,
    0x54, 0x80, 0x28, 0xc6, 0x0, 0xf6, 0x55, 0x25,
    0x90, 0x97, 0x40, 0x38, 0x8d, 0xe6, 0x92, 0x50,
    0xd8, 0x3, 0xab, 0x4e, 0x29, 0x25, 0xd0, 0x96,
    0x40, 0x28, 0x82, 0x92, 0xbd, 0x5f, 0x2e, 0xf8,
    0xad, 0xe5, 0xc2, 0x3, 0x55, 0xc4, 0xc3, 0xa,
    0xc6, 0x5c, 0xba, 0x88, 0x93, 0x48, 0x3, 0x1a,
    0x34, 0x55, 0xa4, 0x1e, 0x28, 0x7, 0x18, 0xdd,
    0x5a, 0x4b, 0xa9, 0x0, 0x73, 0xb8, 0xc0, 0x3f,
    0xf8, 0x4a, 0x1, 0xff, 0xc2, 0x4b, 0x30, 0xf,
    0xfe, 0x0, 0xce, 0x80, 0x7f, 0xf0, 0x4a, 0xc8,
    0x3, 0xff, 0x82, 0xb2, 0x1, 0xf0,

    /* U+4E8E "于" */
    0x0, 0xff, 0xe5, 0x1b, 0x5e, 0x0, 0x61, 0x79,
    0xbd, 0xd4, 0x8f, 0xe8, 0x6, 0x1f, 0xca, 0xd1,
    0xa7, 0x41, 0x0, 0xe8, 0x51, 0x1, 0x0, 0xff,
    0xe0, 0xb0, 0x7, 0xff, 0x48, 0x52, 0x90, 0x2,
    0x23, 0x57, 0x5c, 0xdd, 0x71, 0x8, 0xb7, 0xfa,
    0x48, 0xac, 0xdc, 0xa8, 0x51, 0xcf, 0xca, 0x75,
    0x0, 0xfc, 0x20, 0x1f, 0xff, 0xf0, 0xf, 0xfe,
    0x69, 0xb0, 0x7, 0xff, 0x0, 0xc6, 0x40, 0x3f,
    0xf8, 0xe, 0x40, 0x1f, 0xfc, 0x1a, 0x40, 0xf,
    0xfe, 0x0, 0xc0, 0x7, 0x80,

    /* U+4E9B "些" */
    0x0, 0xfc, 0x40, 0x1f, 0xe1, 0x60, 0xa, 0x40,
    0x3f, 0x86, 0xc4, 0xd, 0x80, 0x3f, 0xc2, 0x20,
    0x14, 0x0, 0xff, 0x30, 0x4, 0x40, 0x6, 0x0,
    0xcc, 0x40, 0x1f, 0xa8, 0x40, 0x25, 0x90, 0x8,
    0x40, 0x25, 0x10, 0xc, 0x44, 0x1, 0xcf, 0x40,
    0x3e, 0xd1, 0x0, 0x84, 0x0, 0x3b, 0xc8, 0x53,
    0x60, 0x1e, 0x30, 0x0, 0x80, 0x54, 0x0, 0x50,
    0xf, 0xe1, 0x20, 0x8, 0x80, 0x3f, 0x2a, 0x0,
    0x6e, 0x0, 0xe1, 0x6b, 0x15, 0x0, 0xc6, 0x20,
    0x3, 0x4d, 0x8b, 0x40, 0x43, 0x22, 0x32, 0x8e,
    0xea, 0xf1, 0x0, 0x28, 0x99, 0x99, 0xc6, 0x7d,
    0x40, 0x39, 0x6a, 0xed, 0x46, 0x8, 0x20, 0x11,
    0x23, 0xd6, 0x0, 0x7e, 0xce, 0x9c, 0x1e, 0xe0,
    0x7, 0xed, 0xeb, 0x86, 0x42, 0x0, 0xfc, 0x20,
    0x1f, 0x10, 0x7, 0x84, 0xd1, 0x9e, 0x6f, 0x75,
    0x20, 0x7, 0xef, 0xc9, 0xd1, 0x16, 0xc6, 0x7c,
    0x80, 0x1f, 0x7f, 0x6a, 0x5d, 0x90, 0xc4, 0x2,

    /* U+4EA7 "产" */
    0x0, 0xff, 0xe5, 0xb1, 0x0, 0x7f, 0xf0, 0x9f,
    0xc4, 0x3, 0xff, 0x82, 0x2c, 0xe0, 0x1f, 0xfc,
    0x2d, 0x52, 0x58, 0xd6, 0x0, 0xc2, 0x6b, 0x15,
    0x7d, 0xcc, 0xf8, 0x50, 0xa, 0xbe, 0x77, 0x53,
    0xba, 0x59, 0x75, 0x30, 0xa, 0xba, 0xa0, 0x8c,
    0x0, 0x86, 0x1, 0xfe, 0xf4, 0x0, 0x31, 0x80,
    0x7e, 0x20, 0xb9, 0x2, 0xd0, 0xf, 0xe5, 0x3,
    0xa0, 0x43, 0x58, 0xd8, 0x0, 0xeb, 0x8a, 0xbd,
    0xaf, 0xde, 0x9b, 0x0, 0xe1, 0xc8, 0xcd, 0xca,
    0x86, 0x43, 0x0, 0xe6, 0x42, 0x0, 0xff, 0xe0,
    0x88, 0x7, 0xff, 0x8, 0x8c, 0x3, 0xff, 0x84,
    0x3c, 0x1, 0xff, 0xc2, 0x52, 0x0, 0xff, 0xe1,
    0x72, 0x0, 0x7f, 0xf0, 0x84, 0x40, 0x1f, 0xfc,
    0x11, 0xe0, 0xf, 0xfe, 0x14, 0xb0, 0x7, 0xff,
    0x4, 0xf8, 0x40, 0x3f, 0xf8, 0x36, 0xc0, 0x1f,
    0xfc, 0x28, 0x0, 0xff, 0xe1, 0x0,

    /* U+4EBA "人" */
    0x0, 0xfc, 0x40, 0x1f, 0xfc, 0x49, 0x0, 0xff,
    0xe2, 0x32, 0x0, 0x7f, 0xf0, 0xcd, 0x0, 0x3f,
    0xf8, 0x64, 0x1, 0xff, 0xc3, 0x16, 0x0, 0xff,
    0xe1, 0x91, 0x0, 0x3f, 0xf8, 0x6b, 0xa0, 0x1f,
    0xfc, 0x3f, 0xd0, 0xf, 0xfe, 0x19, 0x8, 0x7,
    0xff, 0x8, 0x45, 0x4a, 0x1, 0xff, 0xc1, 0x4f,
    0x3c, 0x0, 0xff, 0xe0, 0xfa, 0x7, 0x98, 0x7,
    0xff, 0x4, 0x41, 0xa8, 0x3, 0xfe, 0x5e, 0x0,
    0xc2, 0x1, 0xfe, 0xf4, 0x0, 0xaa, 0x40, 0x3f,
    0x97, 0xc0, 0x31, 0x98, 0x40, 0x3f, 0x7a, 0x80,
    0x76, 0xb0, 0x7, 0xcf, 0x0, 0x1e, 0x69, 0x10,
    0xe, 0x32, 0x20, 0x7, 0xc9, 0x42, 0x1, 0x95,
    0x40, 0x1f, 0xb9, 0x3a, 0x40, 0xc, 0xc0, 0xf,
    0xe4, 0xef, 0x90, 0x3, 0x0, 0x7f, 0xc2, 0x1,
    0x0,

    /* U+4ECA "今" */
    0x0, 0xfc, 0xc0, 0x1f, 0xfc, 0x21, 0xb0, 0xf,
    0xfe, 0x13, 0x88, 0x7, 0xff, 0xa, 0x98, 0x3,
    0xff, 0x82, 0x6d, 0x2c, 0x1, 0xff, 0xc0, 0x88,
    0x1f, 0x88, 0x7, 0xf8, 0xc8, 0x81, 0x70, 0x1,
    0xfe, 0x88, 0x8, 0x10, 0x18, 0x7, 0xe7, 0xd1,
    0x90, 0x4, 0x78, 0x7, 0xc5, 0xac, 0x1b, 0x20,
    0x2b, 0x0, 0x1e, 0x8b, 0x0, 0x23, 0x80, 0x21,
    0xd4, 0x3, 0x4c, 0x8, 0x0, 0x60, 0x0, 0x2f,
    0x58, 0xe0, 0xf4, 0x40, 0x19, 0x80, 0xcd, 0x31,
    0x6, 0x14, 0x30, 0x1, 0x2b, 0xce, 0x6d, 0xb,
    0xa0, 0x88, 0xc0, 0xba, 0x74, 0x6b, 0x4a, 0x40,
    0x3e, 0x2e, 0xb8, 0x63, 0x32, 0x80, 0x7f, 0xf0,
    0x97, 0x40, 0x3f, 0xf8, 0x58, 0x80, 0x1f, 0xfc,
    0x11, 0x10, 0x7, 0xff, 0x9, 0xbc, 0x3, 0xff,
    0x85, 0x4a, 0x1, 0xff, 0xc1, 0x46, 0x0, 0xff,
    0xe1, 0x2f, 0x0, 0x7f, 0xf0, 0x85, 0x40, 0x3e,

    /* U+4ECE "从" */
    0x0, 0xfc, 0x22, 0x0, 0xfe, 0x50, 0xd, 0x60,
    0x1f, 0xd8, 0xa0, 0x1, 0x51, 0x0, 0xff, 0xe0,
    0x98, 0x80, 0x7f, 0x38, 0x0, 0x58, 0x3, 0xf8,
    0xcc, 0x0, 0x32, 0x0, 0xff, 0x8, 0x0, 0x7c,
    0x3, 0xff, 0x82, 0xc4, 0x1, 0xff, 0xc1, 0x21,
    0x0, 0xfe, 0x10, 0xb, 0xcc, 0x3, 0xf1, 0x31,
    0x80, 0xb, 0x80, 0x3f, 0x35, 0xc0, 0x0, 0x44,
    0x1, 0xf8, 0xd7, 0x1c, 0x7, 0x50, 0x3, 0xee,
    0x36, 0x93, 0xd4, 0xc0, 0xf, 0x8c, 0x5, 0x12,
    0x12, 0x0, 0xf1, 0x68, 0x2, 0xf4, 0xc0, 0xc4,
    0x3, 0xad, 0x40, 0x23, 0x0, 0x63, 0x80, 0x71,
    0x90, 0x2, 0x6c, 0x0, 0xfa, 0x1, 0x9a, 0x40,
    0x2, 0x4, 0x0, 0x25, 0x20, 0x8, 0x4c, 0x1,
    0x12, 0x1, 0x96, 0x40, 0xc, 0xe0, 0x6, 0xd1,
    0x0, 0xda, 0x14, 0x6c, 0x0, 0x22, 0x20, 0x7,
    0x35, 0xd1, 0x80,

    /* U+4ED6 "他" */
    0x0, 0xc4, 0x1, 0x8, 0x7, 0xf9, 0xd4, 0x0,
    0x70, 0x1, 0xfd, 0xb8, 0x0, 0x27, 0x0, 0xfe,
    0x3a, 0x0, 0x90, 0x3, 0xf9, 0xcc, 0x2, 0x10,
    0xf, 0xcb, 0x60, 0xa0, 0x1f, 0xf7, 0x30, 0x49,
    0x0, 0x6a, 0x0, 0xc4, 0x82, 0xe, 0x40, 0x1,
    0xb4, 0x0, 0xd6, 0x60, 0x1, 0x0, 0x36, 0xe3,
    0x80, 0x45, 0xcc, 0x1, 0x9c, 0x74, 0xf8, 0x2,
    0xa7, 0x0, 0xd8, 0x2e, 0x22, 0x20, 0x2, 0x58,
    0x4, 0xeb, 0xac, 0x0, 0x26, 0x0, 0x39, 0x80,
    0x27, 0x54, 0x40, 0x2e, 0x20, 0x1, 0x80, 0x53,
    0x40, 0x13, 0x91, 0x4, 0x3, 0xfe, 0x49, 0x0,
    0xff, 0xe0, 0x8, 0x69, 0x0, 0x80, 0x7f, 0x10,
    0x35, 0x82, 0x90, 0x7, 0xe2, 0x10, 0x20, 0x3,
    0x0, 0x78, 0xc4, 0x52, 0x1, 0x84, 0x2, 0x10,
    0x0, 0x90, 0x8, 0x4, 0x24, 0x1, 0x30, 0x2,
    0xfd, 0x8, 0xa4, 0xee, 0x0, 0x46, 0x0, 0x38,
    0xd9, 0x9b, 0x8e, 0x80, 0x24, 0x0, 0x92, 0x6e,
    0xea, 0x83, 0x0, 0xa0, 0x3, 0xfe,

    /* U+4F1A "会" */
    0x0, 0xfc, 0xe0, 0x1f, 0xfc, 0x39, 0x10, 0xf,
    0xfe, 0x9, 0x80, 0x80, 0x7f, 0xf0, 0x64, 0xc0,
    0x3f, 0xf8, 0x22, 0xf0, 0xe0, 0x1f, 0xfc, 0x9,
    0xb5, 0xd1, 0x0, 0xff, 0xa, 0x30, 0x44, 0x0,
    0x3f, 0xd1, 0xe0, 0x2, 0x3, 0x0, 0xfc, 0x82,
    0x60, 0x14, 0x78, 0x7, 0xc3, 0xf0, 0x1, 0x1a,
    0xa3, 0x80, 0x7a, 0xfa, 0x2b, 0x31, 0x39, 0x12,
    0x60, 0x1a, 0x39, 0x7a, 0x33, 0x15, 0x1, 0x19,
    0x4, 0xd, 0xa8, 0xc, 0x40, 0x1c, 0xca, 0x28,
    0x24, 0xa0, 0x18, 0x4d, 0x62, 0xed, 0x52, 0xc2,
    0x8d, 0x59, 0xba, 0xca, 0x2d, 0xf9, 0x0, 0xe7,
    0xfd, 0xd4, 0x34, 0xba, 0xa1, 0x0, 0x70, 0xa8,
    0x87, 0x48, 0x7, 0xff, 0x4, 0xcc, 0x40, 0xe0,
    0x1f, 0xf4, 0xc0, 0x0, 0xd8, 0x3, 0xf9, 0x30,
    0x2, 0x4d, 0x20, 0xf, 0x8a, 0x1, 0xe6, 0xec,
    0x12, 0x1, 0xf3, 0x9e, 0x86, 0xd5, 0xd9, 0x40,
    0x3e, 0x5f, 0xb7, 0x41, 0x0, 0x48, 0x7, 0xff,
    0xd, 0xc0, 0x30,

    /* U+4F46 "但" */
    0x0, 0xe4, 0x0, 0xff, 0xe1, 0xf0, 0x80, 0x7f,
    0xf0, 0x9c, 0x80, 0x3f, 0xf8, 0x22, 0x23, 0x40,
    0xc, 0xec, 0x1, 0xe7, 0xb0, 0xd3, 0x7a, 0xd9,
    0xf0, 0xf, 0x6b, 0x2, 0xc8, 0xce, 0xb6, 0x80,
    0x70, 0xb8, 0x83, 0xd3, 0x18, 0xb, 0x80, 0x74,
    0x80, 0x42, 0x1, 0x8c, 0x40, 0x38, 0x98, 0x0,
    0x60, 0x1, 0x10, 0x18, 0x6, 0x79, 0x0, 0xcf,
    0x7f, 0x22, 0x20, 0xd, 0xc6, 0x1, 0x86, 0x7a,
    0x0, 0x39, 0xe0, 0x3, 0x9c, 0x80, 0x3e, 0x31,
    0x0, 0xc2, 0x1, 0x84, 0x3, 0x20, 0x7, 0xf8,
    0x40, 0x3f, 0xc2, 0xee, 0xbe, 0x63, 0x0, 0xfe,
    0x5f, 0x29, 0xed, 0x30, 0xf, 0xe6, 0xb5, 0x20,
    0xf, 0xfe, 0x4, 0x98, 0x7, 0xff, 0x8, 0xc4,
    0x2, 0x15, 0x90, 0xe, 0x10, 0x1, 0xac, 0x5e,
    0xe7, 0x89, 0x0, 0x44, 0xeb, 0xfe, 0xdc, 0x9d,
    0xd5, 0x41, 0x0, 0x46, 0xeb, 0xf9, 0x8, 0x40,
    0x1f, 0x87, 0x0, 0x3f, 0xf8, 0x6e, 0x1, 0xff,
    0x0,

    /* U+4F4D "位" */
    0x0, 0xff, 0xe4, 0xa8, 0x80, 0xc, 0x3, 0xfe,
    0x27, 0x0, 0x50, 0x7, 0xfd, 0x66, 0x0, 0xf8,
    0x0, 0xfe, 0x10, 0x50, 0x2, 0x30, 0x7, 0xf3,
    0x48, 0x4, 0x48, 0x1, 0xfd, 0x6a, 0x1, 0xa0,
    0x0, 0x60, 0x1c, 0x80, 0x10, 0x9a, 0xd5, 0xfe,
    0xa8, 0x6, 0xe7, 0x9, 0xe8, 0xdd, 0x47, 0xf2,
    0x80, 0x47, 0xa2, 0x13, 0xf7, 0xa, 0xc2, 0x1,
    0xd4, 0xe0, 0x10, 0x80, 0x45, 0x0, 0x19, 0x74,
    0x3, 0x28, 0x80, 0x3f, 0x0, 0x31, 0xa0, 0x6,
    0x67, 0x0, 0x12, 0x0, 0x66, 0x0, 0xe2, 0xc0,
    0x8, 0x40, 0x3f, 0xe6, 0x0, 0x18, 0x7, 0xff,
    0x1, 0x94, 0x78, 0x3, 0xf0, 0x80, 0x44, 0x45,
    0x30, 0xf, 0xfe, 0x7, 0x31, 0xa8, 0x7, 0xff,
    0x1, 0x87, 0xc4, 0x3, 0xff, 0x84, 0x28, 0xf5,
    0xc6, 0x1, 0xc7, 0x37, 0x98, 0x3c, 0x1e, 0xc3,
    0x0, 0x84, 0xb, 0xe7, 0x31, 0x50, 0xc8, 0x40,
    0x18, 0x80, 0x58, 0x80, 0x3f, 0xe3, 0xc0, 0xf,
    0xfe, 0x1b, 0x80, 0x7f, 0xc0,

    /* U+4F53 "体" */
    0x0, 0xff, 0xe4, 0x10, 0x80, 0xd, 0x80, 0x3f,
    0xcd, 0x20, 0x3, 0x91, 0x0, 0xfe, 0x31, 0x0,
    0x8c, 0x40, 0x3f, 0xae, 0xc0, 0x13, 0x0, 0x7f,
    0x8, 0x10, 0x7, 0xff, 0x5, 0xe8, 0x3, 0xf2,
    0x80, 0x75, 0x38, 0x0, 0x4d, 0xa7, 0x37, 0xc8,
    0x2, 0x33, 0xd, 0x76, 0xf9, 0xee, 0x6d, 0x10,
    0x5, 0x4a, 0x17, 0xd8, 0xc2, 0x40, 0x1e, 0x2e,
    0x30, 0x10, 0x3, 0x27, 0x80, 0x7a, 0x9c, 0x3,
    0x1a, 0x7, 0xa0, 0x6, 0x3c, 0x0, 0xea, 0xa0,
    0x36, 0x80, 0x62, 0x40, 0xe, 0x22, 0x0, 0x42,
    0x1, 0x8, 0x7, 0x36, 0x80, 0x57, 0x20, 0x1f,
    0xda, 0xc0, 0x11, 0x18, 0x80, 0x7c, 0x9a, 0x0,
    0x15, 0x92, 0x80, 0xf, 0xb8, 0x33, 0xb, 0x9f,
    0xad, 0x0, 0x1c, 0xd0, 0xdd, 0x89, 0x2c, 0x90,
    0x2c, 0x1, 0x8c, 0x80, 0x80, 0x39, 0xe5, 0x80,
    0x23, 0x50, 0xf, 0xfe, 0x12, 0x0, 0x73, 0x0,
    0x7f, 0x18, 0x6, 0x10, 0xf, 0xf5, 0x0, 0x61,
    0x40, 0xf, 0xe7, 0x0, 0xe8, 0x0, 0xf0,

    /* U+4F5C "作" */
    0x0, 0xe2, 0x0, 0x9, 0x80, 0x7f, 0xd2, 0x1,
    0x78, 0x7, 0xf8, 0x50, 0x80, 0x84, 0x3, 0xfc,
    0xee, 0x20, 0x5b, 0x0, 0xff, 0x6c, 0x80, 0x31,
    0xc0, 0x3f, 0x84, 0x4, 0x0, 0x22, 0x0, 0xb,
    0x28, 0x6, 0x61, 0x0, 0x29, 0xb5, 0x6f, 0xee,
    0x80, 0x36, 0x80, 0x5c, 0x75, 0xd9, 0xd7, 0x0,
    0x13, 0x48, 0x0, 0x8e, 0x95, 0x4, 0x3, 0xdc,
    0x60, 0xb, 0x90, 0xf, 0xe7, 0x90, 0x1, 0x78,
    0x80, 0x9, 0x69, 0x80, 0x4, 0x41, 0x0, 0x2b,
    0x0, 0x1f, 0x8b, 0x9c, 0x0, 0x6a, 0x0, 0x37,
    0x0, 0x9f, 0x1d, 0x4, 0x0, 0x20, 0x1f, 0xfc,
    0xf4, 0x90, 0xf, 0xf9, 0x37, 0x37, 0xc4, 0x3,
    0xfc, 0x99, 0x89, 0x61, 0x0, 0xff, 0x84, 0x3,
    0xff, 0x98, 0x40, 0x18, 0xc0, 0x3f, 0xc8, 0x20,
    0x13, 0x80, 0x7f, 0xf1, 0x4, 0x3, 0xf9, 0xb8,
    0x2, 0x5f, 0x0, 0xff, 0x30, 0x6, 0x70, 0xf,
    0x0,

    /* U+4F60 "你" */
    0x0, 0xe3, 0x0, 0x98, 0x3, 0xfe, 0x91, 0x0,
    0x59, 0x0, 0x7f, 0x9d, 0x0, 0x40, 0x80, 0x3f,
    0x84, 0x14, 0x12, 0x80, 0x3f, 0xcf, 0x40, 0xc,
    0x50, 0xc, 0x20, 0x1d, 0xac, 0x0, 0x22, 0x0,
    0x6, 0x34, 0x3, 0xb, 0x88, 0x21, 0xa4, 0x65,
    0x9d, 0x0, 0x69, 0x70, 0x6, 0x9e, 0xde, 0x50,
    0xb0, 0x6, 0x12, 0x0, 0xae, 0x68, 0x1, 0x80,
    0x19, 0xac, 0x0, 0xb4, 0x0, 0x41, 0x26, 0x0,
    0xc2, 0x40, 0x2, 0x30, 0x3, 0x9, 0x0, 0x66,
    0x70, 0x1, 0x28, 0x18, 0x8, 0x7, 0xa, 0x80,
    0x44, 0x40, 0xf0, 0x9, 0x80, 0x21, 0x30, 0xe,
    0x40, 0xe, 0x30, 0xf, 0xed, 0xf0, 0x9, 0xbc,
    0x40, 0x3f, 0x11, 0x80, 0x6b, 0xa0, 0xf, 0x9b,
    0xc0, 0x39, 0xd4, 0xc0, 0x3d, 0xe8, 0x1, 0xe6,
    0x20, 0xe, 0x68, 0x0, 0xfa, 0x44, 0x3, 0x1b,
    0x88, 0x28, 0x7, 0x8, 0x6, 0x40, 0x10, 0xa,
    0x44, 0x3, 0xf3, 0x18, 0x4, 0xa6, 0xe0, 0x1f,
    0x8b, 0x40, 0x35, 0xd8, 0x3, 0x80,

    /* U+4F7F "使" */
    0x0, 0xe5, 0x0, 0x9c, 0x3, 0xfe, 0x90, 0xb,
    0xdc, 0x3, 0xf8, 0x88, 0x1, 0x88, 0x3, 0xf9,
    0x60, 0x3, 0x30, 0x7, 0xf5, 0xb0, 0x6, 0x10,
    0x48, 0x10, 0xc, 0x6c, 0x0, 0x36, 0x4e, 0xe7,
    0x92, 0x80, 0x6a, 0x9a, 0xe9, 0x17, 0xfe, 0xba,
    0x40, 0xc, 0xc3, 0x5d, 0x4e, 0x46, 0x4, 0x1,
    0xcc, 0xa0, 0x5, 0x1, 0x26, 0x8f, 0x60, 0xd,
    0xfa, 0x0, 0x9b, 0xb3, 0x5, 0xbb, 0x80, 0x26,
    0xb0, 0x9, 0x2e, 0x9d, 0x8c, 0x4, 0x0, 0x22,
    0x20, 0x30, 0xf, 0x8c, 0x2, 0x37, 0xf, 0x0,
    0x1a, 0xbb, 0xaf, 0x50, 0x2, 0x20, 0xe, 0x2d,
    0x26, 0xad, 0xd0, 0x7, 0xe7, 0xe8, 0x43, 0x10,
    0xf, 0xf3, 0xfa, 0x17, 0x0, 0x7f, 0x8, 0x82,
    0x3a, 0x54, 0x3, 0xff, 0x83, 0x48, 0x20, 0x1f,
    0xfc, 0x14, 0x47, 0x8, 0x7, 0xe3, 0x0, 0xbe,
    0xbf, 0x44, 0x3, 0xe6, 0x0, 0x4c, 0x1, 0xce,
    0x10, 0x7, 0x84, 0x23, 0xc, 0x0, 0xb5, 0xb6,
    0xe8, 0x1, 0x2b, 0xda, 0x80, 0x67, 0x8c, 0x44,
    0x0, 0x52, 0xe6, 0x1, 0xe7, 0x71, 0x80, 0x61,
    0x0, 0xff, 0xe0, 0x0,

    /* U+505A "做" */
    0x0, 0xe3, 0x2, 0x0, 0x90, 0x3, 0xfa, 0x5,
    0xd8, 0x1, 0xe6, 0x1, 0xf9, 0x8c, 0x78, 0x0,
    0xe4, 0x1, 0xf1, 0x39, 0xe, 0x80, 0x1c, 0x40,
    0x3e, 0x5e, 0x0, 0x8, 0x0, 0x40, 0x3f, 0x62,
    0x1, 0xb8, 0x0, 0xc0, 0x3e, 0x22, 0x0, 0x42,
    0x5, 0xc0, 0x2, 0x0, 0xd4, 0x0, 0x2f, 0xbd,
    0x5e, 0x9d, 0x90, 0xf, 0x54, 0x15, 0x68, 0xf7,
    0xcd, 0x80, 0x4d, 0x41, 0x54, 0x33, 0x7, 0x39,
    0x68, 0x6, 0x12, 0x0, 0xfc, 0x38, 0x1, 0x2b,
    0x0, 0x8, 0x80, 0x86, 0xa1, 0xae, 0x1, 0x8,
    0x80, 0x7, 0xcb, 0x34, 0xa6, 0x44, 0x0, 0x90,
    0x2, 0x16, 0xd5, 0xe8, 0xb0, 0xf, 0xf1, 0x80,
    0xa0, 0x11, 0x0, 0x3f, 0xf8, 0x6, 0x5, 0x80,
    0x1f, 0xe2, 0x20, 0x1, 0x8, 0x3, 0xf9, 0xe0,
    0xc5, 0x67, 0x0, 0x3f, 0x92, 0xa0, 0x7d, 0x4c,
    0x80, 0x3f, 0x48, 0x1, 0xe4, 0x36, 0xc0, 0x38,
    0xc0, 0x6, 0x4, 0x6, 0x8, 0xce, 0x20, 0x1f,
    0xd, 0x38, 0x5, 0x20, 0xe0, 0x11, 0xf8, 0x1,
    0xe0, 0x3, 0x33, 0xb0,

    /* U+513F "儿" */
    0x0, 0xfc, 0x20, 0x1f, 0xfc, 0x29, 0x20, 0xf,
    0xf3, 0x18, 0x2, 0xc0, 0x3f, 0xcb, 0xc1, 0xfe,
    0x0, 0xff, 0x98, 0x3c, 0x80, 0x3f, 0xe2, 0x0,
    0xff, 0xe8, 0x38, 0x80, 0x1c, 0x3, 0xfe, 0xf0,
    0x10, 0xf, 0xf8, 0x48, 0x3, 0xff, 0x82, 0x62,
    0x0, 0x10, 0xf, 0xf7, 0x38, 0x7, 0xff, 0x4,
    0x88, 0x6, 0x1, 0xff, 0x8, 0x80, 0x6, 0x1,
    0xfc, 0x20, 0x1f, 0x84, 0x3, 0x9f, 0x0, 0x3e,
    0x70, 0xe, 0xd6, 0x0, 0x84, 0x2, 0xe0, 0xc,
    0x64, 0x20, 0x1, 0x0, 0xc2, 0x20, 0xa, 0x20,
    0x1, 0x8, 0x80, 0x32, 0x80, 0x26, 0x4, 0x2,
    0xdb, 0x43, 0x45, 0x30, 0x9d, 0x30, 0xc, 0xfb,
    0xfd, 0x22, 0x25, 0xb4, 0x0, 0xf3, 0xde, 0xec,
    0xc0,

    /* U+5165 "入" */
    0x0, 0xe7, 0xe0, 0xf, 0xfe, 0x13, 0xb2, 0x0,
    0x7f, 0xf0, 0xa7, 0x40, 0x3f, 0xf8, 0x42, 0x60,
    0x1f, 0xfc, 0x3f, 0x50, 0xf, 0xfe, 0x10, 0xf0,
    0x7, 0xff, 0xb, 0x58, 0x40, 0x3f, 0xf8, 0x29,
    0xcc, 0x1, 0xff, 0xc0, 0x34, 0x3d, 0x0, 0xff,
    0xe0, 0x55, 0x3, 0x50, 0x3, 0xfe, 0x23, 0x6,
    0xd0, 0xf, 0xf2, 0xf0, 0x0, 0x4c, 0x40, 0x3f,
    0xb9, 0x40, 0x2f, 0x60, 0xf, 0xcb, 0xa0, 0x19,
    0x6c, 0x3, 0xf7, 0x30, 0x7, 0x2b, 0x0, 0x79,
    0xfc, 0x3, 0xd5, 0x0, 0x1c, 0x5e, 0x80, 0x1e,
    0x33, 0x58, 0x6, 0xb8, 0x0, 0xfd, 0x49, 0xd0,
    0xf, 0x0, 0x1f, 0xcf, 0xdf, 0x2, 0xa2, 0x1,
    0xfe, 0x11, 0x0,

    /* U+5168 "全" */
    0x0, 0xf8, 0xc0, 0x3f, 0xf8, 0x7e, 0x1, 0xff,
    0xc2, 0x13, 0x20, 0xf, 0xfe, 0xb, 0x99, 0x0,
    0x7f, 0xf0, 0x69, 0x90, 0x3, 0xff, 0x80, 0x4f,
    0x5e, 0x1, 0xff, 0xc0, 0x88, 0x7, 0xc0, 0x7,
    0xf8, 0x80, 0xc1, 0x8, 0x80, 0x1f, 0xd1, 0x0,
    0xa, 0x38, 0x3, 0xf2, 0x69, 0x0, 0x44, 0x90,
    0x1, 0xf7, 0x38, 0xa3, 0x4f, 0x2, 0xa0, 0x7,
    0x4f, 0xf6, 0xf5, 0x53, 0xe2, 0x17, 0x4, 0x0,
    0x6a, 0x5e, 0xcb, 0x63, 0x10, 0x55, 0x1d, 0x2,
    0x99, 0x80, 0x3f, 0xaa, 0xe0, 0x19, 0x40, 0x3c,
    0x4d, 0x62, 0x1, 0x8c, 0x0, 0xd3, 0x78, 0x90,
    0x3c, 0x1, 0xf8, 0xbe, 0x71, 0x29, 0xd4, 0x40,
    0x3e, 0x46, 0x20, 0xf, 0xfe, 0xca, 0x10, 0x7,
    0x12, 0x34, 0x5a, 0x6f, 0x72, 0x2c, 0x3, 0x26,
    0xff, 0x75, 0x9b, 0xdc, 0xc9, 0x0, 0xc9, 0xf7,
    0xc, 0x84, 0x1, 0xf8,

    /* U+516C "公" */
    0x0, 0xfc, 0x82, 0x1, 0xff, 0xc2, 0x19, 0x0,
    0xff, 0x85, 0x41, 0x44, 0x3, 0xfe, 0x39, 0x0,
    0x70, 0x80, 0x7f, 0x91, 0xc0, 0xa, 0xc0, 0x1f,
    0xea, 0x80, 0x1, 0x68, 0x7, 0xf1, 0x39, 0x80,
    0x58, 0xa0, 0x1f, 0xae, 0x0, 0x33, 0xf0, 0x7,
    0xc2, 0x66, 0x6, 0x20, 0x11, 0x18, 0x7, 0xa6,
    0x0, 0x1f, 0x40, 0xe, 0x80, 0xe, 0x20, 0x20,
    0x2, 0x58, 0x1, 0x15, 0x40, 0x1a, 0xe0, 0x0,
    0x4c, 0x60, 0x13, 0x53, 0x0, 0x16, 0x80, 0x2a,
    0xe0, 0xd, 0x45, 0xb0, 0x20, 0x60, 0x12, 0x28,
    0x10, 0x0, 0xb6, 0xe0, 0x54, 0x2, 0x4b, 0x0,
    0x50, 0x7, 0xfd, 0xce, 0x0, 0xb8, 0x0, 0xfe,
    0x22, 0x0, 0x46, 0x62, 0x0, 0xfd, 0x72, 0x0,
    0x26, 0x9, 0x0, 0xf9, 0x92, 0x33, 0x16, 0x56,
    0xa8, 0x1, 0xee, 0xf, 0xdc, 0x94, 0x7, 0x0,
    0xfa, 0x35, 0x84, 0x3, 0x6a, 0x0, 0x7f, 0xf0,
    0x90, 0x3, 0x0,

    /* U+5173 "关" */
    0x0, 0xff, 0x8, 0x7, 0xff, 0x4, 0x60, 0x3,
    0xf3, 0x0, 0x65, 0x70, 0xf, 0xc5, 0x0, 0x16,
    0x58, 0x7, 0xe4, 0x54, 0x0, 0x12, 0x80, 0x7f,
    0x56, 0x81, 0xe0, 0x7, 0xf9, 0x70, 0x2d, 0x11,
    0x4, 0x1, 0x84, 0xd5, 0x5f, 0x8d, 0xdc, 0xf1,
    0x0, 0xc7, 0x1a, 0x5c, 0xdd, 0x94, 0xe6, 0x1,
    0x8a, 0xe1, 0x5c, 0x80, 0x3f, 0xf8, 0x2d, 0xc0,
    0x1f, 0xfc, 0x12, 0x30, 0x13, 0x5a, 0x10, 0x1,
    0x23, 0x44, 0xd5, 0xee, 0xa3, 0x34, 0x80, 0x3,
    0x1f, 0xda, 0xd, 0x98, 0xb9, 0x73, 0x0, 0x1e,
    0x4b, 0x23, 0x53, 0x0, 0x7f, 0xcb, 0x85, 0xa0,
    0x1f, 0xf7, 0x30, 0x7b, 0x0, 0x7f, 0x21, 0x8,
    0x2d, 0x0, 0x7f, 0x7c, 0x0, 0x48, 0xc0, 0x1f,
    0x3f, 0x8, 0x5, 0x30, 0x1, 0xe5, 0xf5, 0x0,
    0xc2, 0xb6, 0x40, 0x13, 0x6c, 0x0, 0x7b, 0x97,
    0xa4, 0x8, 0x90, 0x1, 0xf2, 0xf6, 0x48, 0x0,

    /* U+5176 "其" */
    0x0, 0xc2, 0x1, 0x94, 0x3, 0xf9, 0x60, 0x2,
    0x38, 0x0, 0xfc, 0xc8, 0x1, 0xff, 0xc1, 0x35,
    0x0, 0xda, 0x1, 0xff, 0xc3, 0x38, 0x20, 0xe,
    0x22, 0x34, 0x54, 0x5c, 0xb, 0x0, 0xb, 0x7b,
    0xd8, 0x32, 0xe6, 0xae, 0x50, 0x0, 0x5f, 0xda,
    0xec, 0x83, 0xee, 0x1, 0xe2, 0x0, 0x85, 0x98,
    0x1, 0xff, 0x25, 0x71, 0x80, 0x80, 0x7f, 0x25,
    0xc2, 0x88, 0x7, 0xfc, 0x4a, 0xc0, 0x60, 0x1f,
    0xc9, 0x38, 0x26, 0x1, 0xfe, 0x4b, 0x97, 0x1,
    0x0, 0xff, 0xe0, 0x88, 0x12, 0xb8, 0x4, 0x26,
    0x8d, 0x15, 0x8d, 0x93, 0xfc, 0x41, 0xbf, 0x25,
    0x57, 0x6c, 0xdc, 0xba, 0x92, 0xd, 0xea, 0x7c,
    0x31, 0x52, 0x0, 0xfe, 0x35, 0x20, 0x58, 0x30,
    0xf, 0xdd, 0x44, 0x0, 0xbe, 0x30, 0xf, 0x54,
    0xa8, 0x4, 0x33, 0x84, 0x1, 0xa3, 0x90, 0x3,
    0x91, 0x5c, 0x2, 0x7a, 0x40, 0xf, 0xad, 0x80,
    0x27, 0x20, 0xf, 0xc2, 0x60, 0x0,

    /* U+519B "军" */
    0x0, 0xff, 0xe0, 0x30, 0x4, 0x80, 0x10, 0xa3,
    0x4d, 0xec, 0x0, 0x47, 0x59, 0x8a, 0xd3, 0xab,
    0xb5, 0x0, 0x5d, 0x79, 0x8e, 0x5, 0x30, 0xe4,
    0x0, 0x11, 0x88, 0x3, 0xe8, 0x0, 0x38, 0x1,
    0x2e, 0x0, 0x42, 0x60, 0x4c, 0xc0, 0x9, 0x18,
    0x4e, 0x1a, 0xf2, 0x0, 0x40, 0x23, 0xbd, 0xb5,
    0xfe, 0xca, 0x73, 0x0, 0xd7, 0x94, 0xa5, 0xc0,
    0x1f, 0xea, 0x90, 0x20, 0xf, 0xe1, 0x18, 0xd,
    0x22, 0x80, 0x3d, 0xab, 0x76, 0x7c, 0xd9, 0x0,
    0xf5, 0x75, 0xd9, 0x21, 0x4c, 0x3, 0xcc, 0x40,
    0x1c, 0x4d, 0x42, 0x0, 0x13, 0x58, 0xa7, 0xcb,
    0x8e, 0xc3, 0xd, 0xca, 0x3c, 0x87, 0xcb, 0xa8,
    0x62, 0xd, 0xd4, 0xb2, 0x10, 0x7, 0xff, 0x74,
    0x80, 0x3f, 0xf9, 0xe5, 0x60, 0x1e,

    /* U+51FA "出" */
    0x0, 0xff, 0xe3, 0x30, 0x7, 0xfd, 0x62, 0x1,
    0xfe, 0x11, 0x0, 0x7f, 0x98, 0x2, 0x70, 0x1,
    0xb8, 0x7, 0xd4, 0x0, 0x3a, 0x0, 0xf9, 0x80,
    0x27, 0x0, 0xf8, 0x40, 0x3f, 0xc2, 0x60, 0x11,
    0x80, 0x78, 0xc4, 0x3, 0xe1, 0x35, 0xbe, 0x0,
    0x12, 0x56, 0x61, 0x68, 0x85, 0x40, 0x2a, 0xbc,
    0xc2, 0x4b, 0xc1, 0x80, 0x9, 0xc4, 0x3, 0xcc,
    0x0, 0x90, 0xf, 0xda, 0x60, 0x66, 0x0, 0xf8,
    0x4c, 0xc, 0xc0, 0x1f, 0xe3, 0x0, 0xff, 0xe8,
    0x92, 0x28, 0x80, 0x1a, 0xf3, 0x1a, 0xd1, 0xba,
    0x10, 0x3, 0xce, 0x63, 0x72, 0xa6, 0x30, 0x1,
    0x64, 0x1, 0xf3, 0x0,

    /* U+5206 "分" */
    0x0, 0xfc, 0x62, 0x1, 0xff, 0xc3, 0x67, 0x0,
    0xff, 0xe0, 0x90, 0x2f, 0x80, 0x7f, 0xf0, 0x64,
    0x1, 0xc4, 0x1, 0xff, 0x12, 0x8, 0x35, 0x80,
    0x7f, 0xca, 0xe2, 0x2, 0x2, 0x1, 0xfe, 0xb9,
    0x0, 0xaa, 0x40, 0x3f, 0x8d, 0x44, 0x2, 0x33,
    0x8, 0x7, 0xe9, 0x80, 0xe, 0xe9, 0x0, 0xf8,
    0xc8, 0x40, 0x38, 0x54, 0x80, 0x3d, 0x30, 0x0,
    0x14, 0x8c, 0x9a, 0xf1, 0x0, 0xcf, 0x31, 0x9d,
    0xf9, 0xb5, 0x46, 0x2e, 0xa0, 0x2, 0x11, 0xdf,
    0xc4, 0xc2, 0x81, 0xf, 0x7d, 0x0, 0x92, 0x81,
    0x9b, 0xd0, 0x0, 0x2c, 0x2, 0x1, 0xb, 0x0,
    0x65, 0x30, 0x7, 0x10, 0x7, 0xf8, 0x9c, 0x2,
    0x21, 0x0, 0xff, 0x57, 0x0, 0x7f, 0xf0, 0xcd,
    0x40, 0x2, 0x40, 0x1f, 0xe9, 0x81, 0x50, 0x4f,
    0x0, 0xfe, 0x41, 0x31, 0xd5, 0xc5, 0x0, 0xfc,
    0x5d, 0x0, 0x8, 0xb7, 0x30, 0xf, 0x8a, 0xe8,
    0x3, 0x4a, 0x0, 0x7e, 0x19, 0x0, 0xe7, 0x80,
    0xf, 0x80,

    /* U+5219 "则" */
    0x0, 0xff, 0x84, 0x3, 0xff, 0x82, 0x72, 0x1,
    0x28, 0x6, 0x80, 0x8, 0x98, 0x2, 0xc6, 0x8b,
    0xd7, 0x10, 0x9, 0x0, 0x23, 0x1c, 0xad, 0x51,
    0x60, 0x0, 0x80, 0x67, 0x41, 0x0, 0xb0, 0xc0,
    0x3e, 0x40, 0xe, 0x20, 0xf, 0xb9, 0x40, 0x23,
    0x10, 0xf, 0x8c, 0x40, 0xc0, 0x3f, 0xe6, 0x0,
    0x8c, 0x3, 0xf8, 0xc0, 0x3f, 0xf8, 0x6, 0x20,
    0x1f, 0xfc, 0x21, 0x0, 0xfe, 0x10, 0x8, 0x80,
    0xc, 0x1, 0xe6, 0x0, 0x9c, 0x40, 0x3f, 0x38,
    0x4, 0x9a, 0x10, 0x1, 0xe8, 0x4c, 0x72, 0x50,
    0x40, 0xf, 0x16, 0xbb, 0xb8, 0x40, 0x3f, 0x8,
    0x8, 0x4e, 0x80, 0x7e, 0x88, 0x0, 0x14, 0x15,
    0x94, 0x3, 0x2e, 0x8, 0x5, 0x2, 0xdf, 0x46,
    0x6, 0x65, 0x0, 0xc8, 0x80, 0xa7, 0xe0, 0x26,
    0x0, 0xfe, 0xe3, 0x0,

    /* U+5230 "到" */
    0x0, 0xff, 0xe0, 0x28, 0x7, 0xff, 0x6, 0x48,
    0x3, 0xe2, 0x60, 0x9, 0xc4, 0x5, 0x1a, 0x6f,
    0x7b, 0xc, 0x0, 0x26, 0x9, 0xe2, 0x2c, 0xdc,
    0xa2, 0x10, 0xc, 0xb6, 0xe0, 0x20, 0x1a, 0x80,
    0x3e, 0x36, 0x80, 0x0, 0xb8, 0x7, 0x97, 0x82,
    0xa4, 0x0, 0xa0, 0x1e, 0xc5, 0x2, 0x35, 0x0,
    0xf9, 0x85, 0xea, 0xc2, 0x40, 0x3c, 0x32, 0x80,
    0xb, 0xab, 0x0, 0xf0, 0xee, 0x3b, 0x80, 0xe,
    0x1, 0xf1, 0x0, 0x1c, 0x3, 0xff, 0x82, 0x2b,
    0x52, 0x6, 0x1, 0x86, 0x73, 0xd, 0xbf, 0x68,
    0x60, 0x18, 0x77, 0x58, 0xf0, 0xa4, 0xa2, 0x1,
    0xc8, 0x20, 0x18, 0x42, 0x40, 0x3f, 0x96, 0x98,
    0x4, 0x3, 0xc7, 0x2e, 0x74, 0xe2, 0x1, 0x86,
    0x7b, 0xf7, 0x4c, 0x1, 0x30, 0x4, 0x3d, 0x78,
    0x80, 0x1c, 0x52, 0x1, 0x3a, 0x80, 0x7c, 0x9c,
    0xa0, 0x1f, 0xfc, 0x7, 0x40, 0xf, 0xfe, 0xd,
    0x0,

    /* U+5236 "制" */
    0x0, 0xc2, 0x1, 0xe2, 0x10, 0xe, 0x3a, 0x0,
    0xf6, 0x80, 0x42, 0x44, 0x70, 0xe, 0x21, 0x0,
    0x86, 0x41, 0xc0, 0x3c, 0xe0, 0x11, 0x10, 0x3,
    0x98, 0x3, 0xcf, 0xa0, 0x2, 0x80, 0xc4, 0x0,
    0xec, 0xdb, 0x48, 0x2, 0x35, 0x0, 0xf5, 0x5a,
    0x54, 0x10, 0x8, 0x6, 0x58, 0x30, 0xc, 0x40,
    0x1e, 0x11, 0x1a, 0xbd, 0xec, 0x0, 0x73, 0xd6,
    0x51, 0xb5, 0x6d, 0x0, 0x73, 0xf6, 0xcb, 0x8,
    0x90, 0x3, 0xf4, 0x8a, 0x3d, 0x51, 0xc, 0x3,
    0xc5, 0x66, 0xd0, 0xe8, 0x1, 0xf1, 0xd3, 0x89,
    0x0, 0x18, 0x3, 0xff, 0x82, 0xa0, 0x1e, 0x10,
    0x3, 0x0, 0x52, 0x1, 0xe1, 0x0, 0x3c, 0x98,
    0x7, 0xe2, 0x0, 0xf, 0x80, 0x71, 0x80, 0x5c,
    0x1, 0x37, 0x82, 0xb0, 0x7, 0x28, 0x18, 0x1,
    0x41, 0x7e, 0x80, 0x3e, 0x30, 0xd, 0x2e, 0x20,
    0x1c, 0x7a, 0x1, 0xdd, 0xa0,

    /* U+524D "前" */
    0x0, 0xff, 0x28, 0x7, 0xe6, 0x0, 0xc3, 0x20,
    0x1f, 0x8e, 0x0, 0x27, 0x50, 0xf, 0xca, 0xa4,
    0x0, 0x64, 0x80, 0x7f, 0x50, 0x81, 0x60, 0x1,
    0x60, 0x3, 0xca, 0xb, 0x39, 0xba, 0xe1, 0x22,
    0x45, 0x66, 0xf6, 0x17, 0xc6, 0xea, 0xe4, 0x89,
    0xfe, 0xdd, 0x64, 0xba, 0x10, 0xc0, 0x6, 0x77,
    0x18, 0x1, 0xc8, 0x0, 0x2e, 0x1, 0xc5, 0x35,
    0x92, 0xe4, 0xc0, 0x80, 0x1f, 0x5e, 0x3a, 0x15,
    0x0, 0x80, 0x78, 0x44, 0x1, 0x94, 0x3, 0xf3,
    0xdd, 0x80, 0x3f, 0xf8, 0xf, 0x76, 0x0, 0xff,
    0xe1, 0x10, 0x7, 0xff, 0x1, 0x32, 0x0, 0x2,
    0x1, 0xfc, 0x99, 0x40, 0x3, 0x10, 0xf, 0xfe,
    0x9, 0x48, 0x7, 0xf0, 0x80, 0x61, 0x0, 0xfe,
    0x53, 0x1, 0x5, 0x0, 0xf8, 0x8d, 0x24, 0x80,
    0x6, 0xe0, 0x1e, 0x60, 0x4, 0xa8, 0x1, 0xb4,
    0x3, 0xc9, 0xe0, 0x76, 0x1, 0x5e, 0x80, 0x79,
    0x80, 0xa, 0x1, 0xb, 0x80, 0x40,

    /* U+529B "力" */
    0x0, 0xff, 0xe4, 0xb8, 0x7, 0xff, 0x7, 0x98,
    0x3, 0xff, 0x80, 0x22, 0x0, 0xff, 0xe0, 0xa,
    0x0, 0x7f, 0xf0, 0xc, 0x80, 0x3f, 0xf8, 0x2,
    0x20, 0xf, 0xfe, 0x20, 0x98, 0x7, 0xf1, 0x23,
    0xd7, 0x0, 0x4a, 0xd1, 0x7a, 0xb3, 0xa0, 0x34,
    0x1, 0x16, 0x74, 0x42, 0x6e, 0x5c, 0x90, 0x2,
    0x7a, 0x63, 0x23, 0x0, 0x88, 0x80, 0x1f, 0x6a,
    0x80, 0x42, 0x20, 0xf, 0x84, 0x40, 0x1f, 0xf0,
    0x90, 0x6, 0x10, 0xf, 0x9f, 0x40, 0x22, 0x20,
    0x7, 0xda, 0x80, 0x13, 0x70, 0x7, 0x8c, 0x80,
    0x36, 0x28, 0x7, 0xa6, 0x0, 0x31, 0x90, 0x7,
    0x26, 0x88, 0x38, 0x1, 0xc4, 0x3, 0xf, 0xb8,
    0x1, 0x64, 0x98, 0x3, 0xae, 0x40, 0x22, 0xf,
    0xc0, 0xc, 0xfc, 0x40, 0x1a, 0x9, 0xc0, 0x23,
    0x32, 0x0, 0x70, 0xd0, 0x80, 0x40,

    /* U+52A0 "加" */
    0x0, 0xc2, 0x40, 0x1f, 0xfc, 0x11, 0xe0, 0xf,
    0xfe, 0x11, 0x90, 0x7, 0xff, 0x4, 0x88, 0x1,
    0xff, 0xc1, 0x10, 0xf, 0xfe, 0x8, 0xb0, 0x6,
    0x10, 0xf, 0xc6, 0x40, 0x23, 0x20, 0x1, 0x90,
    0x3, 0x30, 0x25, 0x40, 0xf4, 0xe4, 0x10, 0x34,
    0xe5, 0x26, 0x6, 0x83, 0xd6, 0x3b, 0x80, 0xbf,
    0xa6, 0x20, 0x6c, 0xc, 0x60, 0x62, 0x8, 0xc5,
    0xec, 0x2, 0x60, 0x1f, 0xe2, 0x20, 0x18, 0x80,
    0x7f, 0xf6, 0xc8, 0x80, 0x1f, 0xfc, 0x17, 0xc0,
    0xf, 0xc6, 0x1, 0xb1, 0x40, 0x4c, 0x0, 0xcc,
    0x84, 0x0, 0xc6, 0x20, 0x5c, 0x6, 0x22, 0xde,
    0x0, 0x93, 0x14, 0x18, 0x80, 0xd1, 0xd4, 0xc0,
    0x2e, 0x66, 0x46, 0x38, 0x2, 0xc0, 0x38, 0xf4,
    0xc, 0xce, 0x40, 0x2, 0x0, 0xeb, 0x70, 0x4,
    0x28, 0x7, 0xe3, 0xa0, 0x8, 0xe4, 0x3, 0xf0,

    /* U+52A8 "动" */
    0x0, 0xfe, 0x40, 0xf, 0xfe, 0xf, 0x10, 0x7,
    0xff, 0x5, 0x0, 0x3f, 0x12, 0x0, 0x5, 0xc0,
    0x31, 0x3d, 0x64, 0xe0, 0x4, 0x20, 0x18, 0xc6,
    0x32, 0xe0, 0x3, 0xf0, 0xb1, 0x0, 0x7f, 0xf2,
    0x46, 0x94, 0x0, 0x29, 0x1b, 0x8a, 0xeb, 0x94,
    0x8c, 0x3b, 0xaf, 0xfb, 0x30, 0xf, 0x96, 0xa6,
    0x3b, 0x87, 0xc4, 0x12, 0x9c, 0x1, 0xf1, 0xd9,
    0x80, 0x1c, 0x80, 0x3e, 0x12, 0xb0, 0x1, 0x8,
    0x0, 0x40, 0x25, 0xe0, 0xe5, 0xf, 0x50, 0x22,
    0x0, 0x58, 0x80, 0x92, 0x6, 0x20, 0xdc, 0x0,
    0x1e, 0x27, 0x82, 0x21, 0x80, 0x4, 0xc0, 0x1b,
    0x32, 0x3a, 0x71, 0xf0, 0x1, 0x30, 0x2, 0x36,
    0xd0, 0x22, 0x90, 0x1, 0xa4, 0x0, 0x43, 0x0,
    0xc6, 0x1, 0x30, 0x80, 0x7d, 0x30, 0x74, 0x1,
    0xfc, 0x60, 0x43, 0xb8, 0xa0, 0x1e, 0x1a, 0x80,
    0x3, 0x96, 0x0, 0x7a, 0x64, 0x1, 0xad, 0x40,
    0x3d, 0x0, 0x1c, 0xa0, 0x10,

    /* U+5316 "化" */
    0x0, 0xe2, 0x5, 0x0, 0xff, 0xd, 0x7, 0x98,
    0x7, 0xf1, 0x20, 0x1, 0x80, 0x3f, 0x92, 0x80,
    0xe, 0x0, 0x10, 0xf, 0x5b, 0x0, 0xc, 0x1,
    0x20, 0x1c, 0x6a, 0x1, 0xe6, 0x10, 0xd, 0x34,
    0x1, 0xcc, 0xa2, 0x1, 0x12, 0x90, 0x7, 0x5d,
    0x0, 0x6b, 0x30, 0xe, 0x7a, 0x10, 0x8, 0x85,
    0x40, 0x31, 0xe3, 0x80, 0x6b, 0x80, 0xe, 0x89,
    0x0, 0xc9, 0x40, 0x1e, 0xf2, 0x0, 0xcc, 0x60,
    0x18, 0x95, 0x0, 0x38, 0x80, 0x3a, 0xd4, 0x3,
    0xfe, 0x89, 0x0, 0xff, 0x8a, 0x0, 0x3c, 0x46,
    0x1, 0x8c, 0x3, 0xf3, 0x80, 0x46, 0x1, 0x18,
    0x7, 0x10, 0x7, 0xff, 0x7, 0x80, 0x21, 0x0,
    0xb9, 0x80, 0x26, 0x30, 0x9, 0x40, 0x25, 0x9e,
    0xea, 0xc4, 0x2, 0x20, 0x8, 0xbb, 0xf3, 0x1f,
    0x40, 0x14, 0x80, 0x70, 0x91, 0x0, 0x39, 0x40,
    0x3f, 0xc0,

    /* U+5341 "十" */
    0x0, 0xf1, 0x90, 0x7, 0xff, 0x4, 0xbc, 0x3,
    0xff, 0x82, 0x24, 0x20, 0x1f, 0xfc, 0x13, 0x10,
    0xf, 0xfe, 0xb, 0x80, 0x7f, 0xf9, 0x84, 0x3,
    0xf8, 0x51, 0xa7, 0xbc, 0x2, 0x25, 0x7a, 0xc4,
    0xdd, 0xe, 0xe7, 0x0, 0xf6, 0x78, 0x76, 0xa6,
    0x4b, 0xa1, 0x0, 0x7, 0xfa, 0x9d, 0x4, 0x3,
    0xf8, 0x40, 0x3f, 0xff, 0xe0, 0x1f, 0xfd, 0x77,
    0x0, 0xff, 0xe0, 0x90, 0x7, 0xff, 0x8, 0xdc,
    0x3, 0xff, 0x82, 0x38, 0x1, 0xff, 0xc2, 0x70,
    0xf, 0x80,

    /* U+53BB "去" */
    0x0, 0xf1, 0xa0, 0x7, 0xff, 0x4, 0xac, 0x3,
    0xff, 0x82, 0x26, 0x1, 0xff, 0xc2, 0x60, 0xf,
    0xff, 0x9, 0x2c, 0xf1, 0x80, 0x61, 0x47, 0xac,
    0x48, 0xdc, 0xd3, 0x0, 0xc5, 0xe1, 0x38, 0x95,
    0xa, 0x60, 0x1c, 0x76, 0xe6, 0x1, 0xff, 0xd5,
    0x14, 0x7c, 0xb0, 0xc, 0x48, 0xf2, 0xbb, 0x5a,
    0x31, 0x20, 0x3b, 0xfd, 0xa2, 0x13, 0xb7, 0x2c,
    0x84, 0x3, 0x9f, 0x92, 0xca, 0x1, 0xfc, 0x20,
    0x11, 0x83, 0x20, 0x7, 0xfd, 0x3e, 0xb, 0x20,
    0x1f, 0xc4, 0x6, 0x2, 0x26, 0x0, 0xfd, 0x76,
    0x0, 0xa2, 0xcc, 0x3, 0xc7, 0xc2, 0x4, 0x8e,
    0x3c, 0x1, 0xc9, 0xb9, 0xba, 0x82, 0x5d, 0x30,
    0xe, 0x72, 0xec, 0xda, 0x62, 0x18, 0x0, 0xe3,
    0xc5, 0x10, 0xe, 0x60, 0x8,

    /* U+53C8 "又" */
    0x0, 0xff, 0xe6, 0x14, 0x0, 0x7f, 0x9, 0xb4,
    0xfb, 0x0, 0x79, 0xb3, 0xbe, 0x3b, 0x1e, 0x0,
    0x3c, 0xf3, 0xfd, 0x70, 0xac, 0x80, 0x1e, 0x15,
    0x10, 0xc, 0x24, 0x1, 0xf2, 0xb0, 0x4, 0x6e,
    0x1, 0xf9, 0x2c, 0x2, 0x4c, 0x0, 0xfc, 0x36,
    0xc0, 0xc, 0x40, 0xf, 0xe6, 0xa0, 0x3, 0x90,
    0x7, 0xfa, 0x59, 0x50, 0x3, 0xfe, 0x5d, 0xea,
    0x0, 0xff, 0xe0, 0x70, 0x10, 0x7, 0xff, 0x3,
    0x18, 0x40, 0x3f, 0xe2, 0x27, 0x58, 0x7, 0xfd,
    0x30, 0x66, 0x40, 0xf, 0xe7, 0x23, 0x8, 0x90,
    0xf, 0xc7, 0x52, 0x0, 0x15, 0xa0, 0xf, 0xf,
    0x78, 0x6, 0x84, 0x90, 0xc, 0x35, 0xe4, 0x1,
    0xd0, 0xdd, 0x2a, 0x51, 0x44, 0x1, 0xe6, 0x88,
    0x6a, 0x34, 0x88, 0x7, 0xe7, 0x64, 0x10,

    /* U+53CA "及" */
    0x0, 0xff, 0x11, 0x0, 0x3f, 0x85, 0x1a, 0x7e,
    0xc0, 0x39, 0x6b, 0x3a, 0xb0, 0x34, 0x64, 0x3,
    0x9f, 0xf6, 0xf2, 0x18, 0x68, 0x3, 0xc4, 0xa2,
    0x40, 0x17, 0xb0, 0x7, 0xf6, 0xa8, 0x19, 0x0,
    0x7f, 0x98, 0x82, 0xa4, 0x48, 0x3, 0xf3, 0x81,
    0xa4, 0x6c, 0x80, 0x7c, 0x68, 0x61, 0x56, 0xd0,
    0x1, 0xf2, 0x55, 0xd, 0xc9, 0x8c, 0x3, 0xec,
    0x50, 0x10, 0x4b, 0x0, 0xf8, 0x44, 0x11, 0x21,
    0xcc, 0x1, 0xf2, 0x78, 0x8, 0x21, 0x88, 0x7,
    0xde, 0xa0, 0x9, 0xab, 0x0, 0xf8, 0x48, 0x2,
    0x50, 0x70, 0xf, 0x9a, 0x80, 0x3, 0x1f, 0x20,
    0x1e, 0x1f, 0x20, 0x5, 0x78, 0xd5, 0x0, 0x3a,
    0x64, 0x0, 0xaf, 0x30, 0x67, 0x70, 0x4, 0x5a,
    0x22, 0xae, 0x40, 0xa, 0x21, 0x6e, 0x4e, 0xa9,
    0x36, 0x80, 0x19, 0x67, 0x90, 0x94, 0x9e, 0x4,
    0x3, 0xcc, 0xa6, 0x0,

    /* U+53D1 "发" */
    0x0, 0xfc, 0xa0, 0x1f, 0xfc, 0x39, 0x30, 0xf,
    0xf1, 0x0, 0x42, 0x2, 0x1, 0xfd, 0x4, 0x1,
    0x1c, 0xb8, 0x7, 0xe1, 0x0, 0xb, 0x84, 0x63,
    0x0, 0x7e, 0x20, 0x5d, 0x0, 0x51, 0x80, 0x7f,
    0x8d, 0x0, 0x4, 0x4b, 0x10, 0xc, 0x42, 0x6b,
    0x71, 0x98, 0xa0, 0xe0, 0xe, 0xa4, 0x92, 0x9,
    0xcc, 0x4b, 0xa8, 0x80, 0x69, 0xca, 0x44, 0x10,
    0x7, 0xf8, 0x48, 0x12, 0xc0, 0x2a, 0x0, 0xff,
    0x5b, 0x45, 0xea, 0x90, 0x7, 0xe2, 0x6d, 0xd5,
    0x43, 0x10, 0x7, 0xea, 0x9f, 0x51, 0xfa, 0x0,
    0xfe, 0x33, 0x79, 0x8b, 0x18, 0x7, 0xe6, 0xe0,
    0x88, 0x35, 0x0, 0x7f, 0x6a, 0x80, 0x3a, 0x58,
    0x3, 0xf3, 0xf8, 0x5, 0xa6, 0x60, 0xf, 0x8b,
    0xd0, 0x0, 0x66, 0xcf, 0x0, 0xfa, 0xe0, 0x0,
    0x5f, 0x43, 0x74, 0x1, 0xcf, 0x0, 0x3, 0x9d,
    0x10, 0x77, 0x48, 0x6, 0x51, 0x7, 0x9b, 0x10,
    0xa, 0x1b, 0x60, 0x80, 0x86, 0x4e, 0x80, 0x39,
    0x6f, 0xa4, 0x80, 0x3, 0x28, 0x1, 0xf2, 0x18,
    0x80,

    /* U+53EA "只" */
    0x0, 0x8c, 0x3, 0xcc, 0x1, 0xce, 0x60, 0x6d,
    0x39, 0x24, 0x1, 0x9f, 0x75, 0x23, 0xbc, 0x64,
    0x1, 0x8a, 0x76, 0x9d, 0x1, 0x40, 0x38, 0x7c,
    0x3, 0xf, 0x0, 0x78, 0x40, 0x33, 0x10, 0x7,
    0x84, 0x3, 0x10, 0x80, 0x78, 0x40, 0x37, 0xb0,
    0x7, 0x88, 0xda, 0x6d, 0x90, 0x3, 0xc9, 0x23,
    0xb3, 0xcc, 0x1, 0xe7, 0xb7, 0x42, 0x0, 0xfd,
    0x36, 0x0, 0x41, 0x0, 0xfc, 0xa4, 0x9, 0x0,
    0x1f, 0x33, 0x8, 0x1, 0xb0, 0x1, 0xea, 0x90,
    0x9, 0xd, 0x40, 0x34, 0x40, 0x3, 0xa6, 0x88,
    0x0, 0x62, 0xa0, 0x1c, 0x4a, 0xa0, 0x4, 0xc8,
    0x3, 0xe8, 0x0, 0x3d, 0x80, 0x7e, 0x26, 0x14,
    0x10, 0xf, 0xe1,

    /* U+53EF "可" */
    0x0, 0xff, 0x8d, 0xac, 0x40, 0x31, 0x2b, 0xcd,
    0xef, 0x47, 0xe9, 0x8e, 0xff, 0x73, 0x3, 0x67,
    0x56, 0xa5, 0x88, 0x73, 0xb9, 0x92, 0xe8, 0x40,
    0x3, 0x0, 0xc2, 0x20, 0xf, 0xc6, 0x1, 0xf3,
    0x0, 0x19, 0x0, 0x44, 0x1, 0xf6, 0xce, 0x41,
    0x80, 0x7f, 0x86, 0xf1, 0xd4, 0x3, 0xfc, 0x64,
    0x0, 0x20, 0xf, 0xfe, 0x81, 0x80, 0x7f, 0xc5,
    0x5a, 0x26, 0x1, 0xfe, 0x68, 0xdb, 0x30, 0xf,
    0xf3, 0x90, 0x7, 0xff, 0x6, 0x40, 0x3f, 0xf8,
    0x46, 0x1, 0xff, 0xc6, 0x40, 0xf, 0xfe, 0x11,
    0xa0, 0x80, 0x7f, 0xf0, 0x1e, 0x18, 0x3, 0xff,
    0x83, 0xe2, 0x1, 0xff, 0xc1, 0x3f, 0x0, 0xc0,

    /* U+540C "同" */
    0x10, 0xf, 0xf9, 0xc0, 0x3f, 0xa8, 0x3c, 0x0,
    0x28, 0xd1, 0x7b, 0xca, 0x47, 0xbd, 0xbc, 0x3b,
    0x19, 0xc6, 0x41, 0x9d, 0x94, 0xea, 0x62, 0x1,
    0x84, 0x3, 0xff, 0x84, 0x6b, 0x19, 0xc4, 0x1,
    0x16, 0xea, 0x4b, 0x7b, 0x84, 0x1, 0x16, 0xea,
    0x9d, 0x48, 0x3, 0xe5, 0x0, 0x9c, 0x3, 0xef,
    0x8b, 0xd8, 0x10, 0xf, 0xae, 0xb5, 0x4, 0x3,
    0xe3, 0x11, 0x10, 0x7, 0xf8, 0xf8, 0x3, 0xf3,
    0x44, 0xe8, 0x7, 0xc2, 0x2c, 0x8b, 0x0, 0xf8,
    0x5d, 0xc, 0x40, 0x3e, 0x90, 0xf, 0xf8, 0xc0,
    0x21, 0x0, 0xc2, 0x1, 0xe3, 0x91, 0x70, 0x50,
    0xf, 0x15, 0x78, 0x1, 0x40, 0x3e, 0x39, 0x10,
    0xf0, 0xf, 0xcf, 0xc0, 0x80, 0x1f, 0xc8, 0x0,

    /* U+540E "后" */
    0x0, 0xff, 0x8, 0x7, 0xff, 0x0, 0xfc, 0x80,
    0x38, 0x80, 0x33, 0xe3, 0x98, 0x7, 0x28, 0x1,
    0xb7, 0xfa, 0x44, 0x3, 0xb5, 0xac, 0x36, 0x4,
    0x3, 0xf1, 0x5b, 0x0, 0x7f, 0x85, 0x0, 0x3f,
    0xf8, 0xc4, 0xd3, 0xcc, 0x1, 0x8d, 0x62, 0xf6,
    0x7b, 0xf5, 0xc0, 0x35, 0x6e, 0xab, 0x6e, 0x18,
    0xc4, 0x2, 0x19, 0x85, 0x10, 0xf, 0xf8, 0x40,
    0x30, 0x88, 0x3, 0xe6, 0x0, 0xa, 0x5d, 0x0,
    0x62, 0x20, 0x66, 0x36, 0xb4, 0x74, 0x3, 0x37,
    0x0, 0xe6, 0xdc, 0xe2, 0x80, 0x63, 0x40, 0xf,
    0x78, 0x80, 0x6d, 0x20, 0xf, 0x9, 0x0, 0x63,
    0x0, 0xf8, 0xc0, 0x33, 0x50, 0x7, 0x12, 0x30,
    0x6, 0xe3, 0x0, 0x36, 0xea, 0x75, 0x8, 0x0,
    0x94, 0x1, 0x3e, 0xea, 0xe6, 0x8, 0x2, 0x20,
    0xb, 0xc0, 0x3f, 0x0,

    /* U+5411 "向" */
    0x0, 0xe4, 0x0, 0xff, 0xbc, 0x80, 0x3f, 0xca,
    0x20, 0x1f, 0xc8, 0xe6, 0x1, 0xfd, 0xd6, 0x1,
    0xe2, 0x0, 0x8, 0x10, 0x4, 0x36, 0x82, 0xa0,
    0xda, 0xd3, 0x9b, 0xa5, 0x1, 0xbd, 0xce, 0xa,
    0xdd, 0x61, 0x20, 0x36, 0xdc, 0xb1, 0x88, 0x7,
    0xc6, 0x1, 0x10, 0x6, 0x30, 0x9, 0x4d, 0xb4,
    0x81, 0xc0, 0x30, 0xc5, 0x1, 0x90, 0x6, 0x10,
    0x35, 0x96, 0x70, 0xf, 0xf8, 0x40, 0x3e, 0x11,
    0x0, 0xc, 0x0, 0x20, 0x1c, 0x95, 0xa4, 0x2,
    0x1, 0xc6, 0xd1, 0xb6, 0x6, 0x60, 0x10, 0x1,
    0x14, 0x1, 0x84, 0x4, 0x0, 0x36, 0x1, 0x87,
    0xc0, 0x80, 0x22, 0x0, 0x31, 0xb0, 0x83, 0x0,
    0x79, 0xa7, 0x8c, 0x10, 0x40, 0x3d, 0x68, 0xc0,
    0x32, 0x1, 0xe1, 0x93, 0x0,

    /* U+548C "和" */
    0x0, 0xf8, 0x80, 0x3f, 0xf8, 0x5c, 0x20, 0x1f,
    0xfc, 0xa, 0x13, 0x0, 0xff, 0x26, 0xec, 0x40,
    0x1f, 0x8a, 0xb1, 0x9c, 0x3, 0xf8, 0x56, 0xe0,
    0x40, 0x24, 0x0, 0x84, 0x0, 0x2e, 0x20, 0x1d,
    0x80, 0x1, 0xb8, 0x0, 0xf0, 0xb5, 0x1d, 0xf6,
    0x3f, 0x1, 0x2c, 0x5a, 0xef, 0xe0, 0x7f, 0x6a,
    0x20, 0x23, 0xf6, 0x47, 0x25, 0x89, 0x0, 0x6,
    0x60, 0xaa, 0x2b, 0x8d, 0xa8, 0x7, 0x84, 0x3,
    0x4a, 0x55, 0xb0, 0x8, 0x0, 0x40, 0x31, 0xa0,
    0x8b, 0x7c, 0x3, 0xfa, 0x24, 0x0, 0x70, 0x1,
    0xf9, 0x70, 0x40, 0x21, 0x0, 0x89, 0xc0, 0x2f,
    0x70, 0xf, 0x6f, 0x7b, 0x98, 0x3c, 0x0, 0x78,
    0xbf, 0xb6, 0xcc, 0x4c, 0x80, 0x3e, 0x30, 0xc,
    0x28, 0x1, 0xf7, 0x0, 0x7f, 0x84, 0x2, 0x50,
    0xf, 0xf3, 0x0, 0x7f, 0xf4, 0x68, 0x3, 0xff,
    0x84, 0xe0, 0x1f, 0xc0,

    /* U+56E0 "因" */
    0x30, 0xf, 0xe3, 0x4, 0x0, 0xe2, 0x35, 0x7c,
    0x4d, 0xac, 0xde, 0xd9, 0x96, 0x89, 0xa0, 0x4f,
    0x6f, 0xad, 0xd4, 0x33, 0x0, 0x6, 0x40, 0x2e,
    0x20, 0x1f, 0xe4, 0x10, 0xf, 0xf0, 0x80, 0x78,
    0xc0, 0x30, 0xad, 0xd8, 0x3, 0xc, 0xe6, 0x18,
    0xbe, 0x40, 0x30, 0xee, 0xbe, 0x9d, 0x8, 0x3,
    0x90, 0x57, 0x80, 0x3f, 0xdf, 0x90, 0x1, 0xfc,
    0x2a, 0x2e, 0x2, 0x0, 0x30, 0x3, 0x58, 0x4c,
    0x94, 0xc, 0x2, 0x1f, 0x30, 0x5, 0xe0, 0x7,
    0x4c, 0x0, 0x4b, 0x86, 0x1, 0x25, 0x8, 0x6,
    0x50, 0x10, 0x2, 0x10, 0x4, 0x26, 0xce, 0x0,
    0x6b, 0xcd, 0xdd, 0x19, 0x1e, 0x5, 0x39, 0xbb,
    0x65, 0xd5, 0x88, 0x39, 0x0, 0x7c, 0xea, 0x10,
    0x1, 0xf8, 0x4c, 0x0,

    /* U+56FD "国" */
    0x1, 0x0, 0xfe, 0x20, 0x3, 0x80, 0x70, 0x92,
    0x2e, 0x10, 0x5d, 0x5e, 0xf7, 0x36, 0x77, 0x46,
    0x40, 0x33, 0x2c, 0xee, 0x65, 0xcc, 0x38, 0x1,
    0x8c, 0x84, 0x3, 0xff, 0x80, 0x28, 0xd3, 0x98,
    0x0, 0xf4, 0xee, 0xab, 0x7b, 0x0, 0x3d, 0x39,
    0x2c, 0x84, 0x0, 0x10, 0xf, 0x84, 0x3, 0xfc,
    0x26, 0xf1, 0x86, 0x1, 0xe2, 0xaa, 0xe, 0x71,
    0x80, 0x78, 0xae, 0x58, 0xc4, 0x3, 0xfe, 0x7d,
    0x10, 0x10, 0xf, 0xeb, 0x31, 0x0, 0xfe, 0x16,
    0x50, 0xe, 0x5a, 0xbc, 0x6a, 0x9e, 0x43, 0x0,
    0x96, 0x6b, 0x36, 0xea, 0x5c, 0x2, 0x10, 0x31,
    0x0, 0xf0, 0x80, 0x78, 0x48, 0xd5, 0xd4, 0x0,
    0x29, 0xbb, 0xa6, 0x59, 0xf9, 0xe0, 0x29, 0xbb,
    0x65, 0xd4, 0xc4, 0x90, 0x3, 0xc0, 0x3f, 0x12,
    0x0,

    /* U+5728 "在" */
    0x0, 0xf8, 0x58, 0x3, 0xff, 0x82, 0x70, 0x1,
    0xff, 0xc1, 0x65, 0x0, 0xff, 0xe0, 0x9f, 0x0,
    0x7f, 0xf0, 0x71, 0x40, 0x30, 0x80, 0x7c, 0x23,
    0x1b, 0x4e, 0xe0, 0x80, 0x9a, 0xbd, 0x62, 0x6c,
    0xf7, 0xcf, 0x88, 0x27, 0x60, 0xf0, 0xf7, 0x26,
    0x19, 0x8, 0x0, 0xbb, 0x2c, 0xf6, 0x5, 0xa0,
    0x1f, 0xc3, 0x2c, 0x0, 0x20, 0xf, 0xe8, 0x31,
    0x0, 0x30, 0x7, 0xf3, 0xc0, 0x7, 0xff, 0x1,
    0x48, 0x40, 0x30, 0xab, 0x80, 0x61, 0xe6, 0x17,
    0x9b, 0x5d, 0xff, 0x8, 0x5, 0x12, 0x62, 0x1b,
    0x4b, 0x95, 0x2, 0x0, 0x6c, 0x20, 0x3, 0xa0,
    0x80, 0x79, 0xd, 0x40, 0x3f, 0xf8, 0xc, 0xa0,
    0x1f, 0xfc, 0x12, 0x0, 0xff, 0xe3, 0x18, 0x0,
    0x51, 0x9e, 0x73, 0xc8, 0x3, 0xaf, 0xb7, 0x90,
    0x77, 0xf8, 0x80, 0x23, 0x35, 0xf6, 0x54, 0x32,
    0x18, 0x80, 0x63, 0xe0, 0xf, 0xfe, 0x13, 0x80,
    0x7f, 0x80,

    /* U+5730 "地" */
    0x0, 0xfe, 0x30, 0xf, 0xd0, 0x1, 0xd0, 0x60,
    0x1f, 0x1a, 0x0, 0x70, 0x80, 0x7c, 0x4a, 0x1,
    0x84, 0x80, 0x3f, 0x8, 0x8, 0x7, 0xff, 0x8,
    0xe8, 0x3, 0xff, 0x82, 0x4c, 0x1, 0xff, 0xc2,
    0x50, 0xd, 0x46, 0x1, 0xe1, 0x18, 0x0, 0x36,
    0xa2, 0x0, 0x25, 0x56, 0x69, 0x0, 0x1a, 0xa1,
    0x8, 0x6, 0x75, 0xf3, 0x4, 0x34, 0x36, 0x62,
    0x0, 0x1b, 0x82, 0x0, 0x3a, 0x43, 0x80, 0x98,
    0x7, 0x87, 0x30, 0xa4, 0x0, 0x2e, 0x0, 0xf0,
    0xf5, 0x80, 0x66, 0x20, 0xe, 0x30, 0x20, 0x9,
    0x88, 0x8c, 0x1, 0xe5, 0x83, 0x0, 0x34, 0x61,
    0x80, 0x65, 0x70, 0x80, 0x8, 0x65, 0x80, 0xc1,
    0x77, 0xf1, 0x40, 0x1e, 0x40, 0x72, 0xe, 0x27,
    0x74, 0x20, 0x18, 0xb4, 0x10, 0x0, 0x4c, 0xc0,
    0xc, 0x7c, 0xc, 0x1, 0x98, 0x3, 0xc2, 0x84,
    0x1, 0xb3, 0x40, 0x3e, 0xf9, 0xde, 0xe9, 0x74,
    0x3, 0xe2, 0xbd, 0xee, 0xb5, 0x40,

    /* U+57FA "基" */
    0x0, 0xe1, 0x0, 0xc4, 0x1, 0xff, 0x14, 0x80,
    0x56, 0x80, 0x1f, 0xe2, 0x50, 0x8, 0x48, 0x3,
    0xfc, 0x2c, 0x1, 0x94, 0x4, 0x3, 0xfc, 0x26,
    0xc9, 0x1b, 0xe4, 0x1, 0xd1, 0x58, 0x90, 0xa4,
    0xdf, 0x9c, 0x40, 0x1d, 0x9d, 0xa9, 0x2c, 0xa6,
    0xa2, 0x1, 0xf2, 0x20, 0x5e, 0xb6, 0xcc, 0x40,
    0x3f, 0xe6, 0xbd, 0xa0, 0xf, 0xfe, 0x12, 0xc5,
    0x0, 0x7f, 0xf0, 0x58, 0xf2, 0x0, 0x3f, 0xf8,
    0x2e, 0xe4, 0x21, 0x24, 0x89, 0x0, 0xe2, 0x35,
    0x7b, 0xde, 0x68, 0xdf, 0xf0, 0x80, 0x51, 0xd5,
    0x83, 0xf3, 0xc9, 0x52, 0xec, 0x20, 0x14, 0x64,
    0x9f, 0x2c, 0x86, 0xc0, 0x7, 0xf2, 0xe9, 0xb,
    0x2, 0xa, 0x80, 0x7c, 0x5e, 0xe0, 0x4e, 0xeb,
    0xb4, 0x28, 0x7, 0xc, 0x4e, 0xe4, 0x8, 0xbc,
    0xa6, 0xad, 0x80, 0x3, 0x36, 0x7b, 0x94, 0xcc,
    0x40, 0x4a, 0xe5, 0x0, 0x3c, 0x8, 0x7, 0xc6,
    0xab, 0x18, 0x1, 0x80, 0xd5, 0xa2, 0x93, 0x7b,
    0xf8, 0x80, 0x3d, 0x58, 0x19, 0x3d, 0xbd, 0x96,
    0x40, 0x10,

    /* U+58EB "士" */
    0x0, 0xff, 0xe5, 0x50, 0x7, 0xff, 0x9, 0xd8,
    0x3, 0xff, 0x82, 0x2a, 0x1, 0xff, 0xc2, 0x30,
    0xf, 0xfe, 0x83, 0x80, 0x7f, 0xf8, 0xc5, 0x27,
    0x44, 0x3, 0xa, 0x33, 0x2f, 0x73, 0xb9, 0x6,
    0x15, 0x9d, 0xfc, 0x22, 0x9d, 0xd5, 0x3a, 0x90,
    0x74, 0xff, 0x53, 0xb8, 0x80, 0x3e, 0x45, 0x10,
    0xf, 0xff, 0xf8, 0x7, 0xff, 0x1c, 0x4d, 0xf0,
    0x40, 0x30, 0xb3, 0xd6, 0x26, 0x47, 0x59, 0x0,
    0x61, 0xff, 0x76, 0xfe, 0xdc, 0xb9, 0x80, 0x0,

    /* U+590D "复" */
    0x0, 0xe4, 0x0, 0xff, 0xe1, 0x42, 0x0, 0x7f,
    0xf0, 0x4, 0x48, 0x1, 0x84, 0x3, 0xe7, 0xb0,
    0x14, 0x7b, 0xe4, 0x0, 0xf5, 0xed, 0xd8, 0xcd,
    0x3e, 0x80, 0x1c, 0x8b, 0x76, 0xa7, 0x4a, 0x0,
    0xfb, 0x81, 0xa2, 0xae, 0xcc, 0x20, 0x1c, 0xd2,
    0x27, 0x75, 0x76, 0x51, 0x0, 0xc2, 0x23, 0x5,
    0x16, 0xb2, 0x10, 0xe, 0x67, 0x0, 0x55, 0x2,
    0xc, 0x80, 0x39, 0x80, 0x7, 0x50, 0xc4, 0x82,
    0x1, 0xc2, 0x0, 0x6a, 0xcb, 0xb6, 0xf8, 0x7,
    0xeb, 0x82, 0xba, 0x87, 0x0, 0xfc, 0xf7, 0x62,
    0x5b, 0xb0, 0x7, 0xe3, 0x28, 0xb3, 0x6b, 0x0,
    0xfd, 0xd9, 0xb2, 0x14, 0x20, 0x1f, 0x4f, 0x82,
    0x96, 0xb8, 0x7, 0xd1, 0x64, 0xe5, 0xf2, 0x1,
    0xf3, 0xd1, 0x0, 0x35, 0x68, 0x3, 0xc2, 0xe4,
    0x3, 0x53, 0x1b, 0x42, 0x1, 0x84, 0x0, 0xd1,
    0x66, 0xb, 0xfe, 0x73, 0x10, 0x1, 0xc9, 0x48,
    0x80, 0x4b, 0x73, 0x12, 0x68, 0x12, 0x80, 0x1e,
    0x5e, 0xb8, 0x30,

    /* U+5916 "外" */
    0x0, 0xff, 0xe5, 0x93, 0x0, 0x7f, 0x28, 0x4,
    0x52, 0x1, 0xfd, 0xaa, 0x1, 0x10, 0x7, 0xf1,
    0x0, 0x66, 0x0, 0xfe, 0x65, 0x0, 0xff, 0xe0,
    0xa, 0x80, 0x14, 0x3, 0xfc, 0xfe, 0x93, 0x44,
    0x20, 0x1f, 0xb3, 0x73, 0x8, 0x42, 0x1, 0xf0,
    0x95, 0xc0, 0x68, 0x3d, 0x8, 0x7, 0x30, 0x80,
    0x31, 0x1, 0xa3, 0x4c, 0x3, 0x7e, 0x50, 0x11,
    0x0, 0x5, 0xda, 0xa0, 0x5, 0xa5, 0x73, 0x20,
    0xc, 0x5b, 0x44, 0x4, 0x40, 0xa4, 0xd0, 0xe,
    0x37, 0x60, 0x60, 0x3, 0xea, 0x0, 0x7a, 0x14,
    0x4, 0x0, 0x5a, 0x1, 0xf8, 0x40, 0x35, 0x30,
    0x7, 0xff, 0x0, 0xb8, 0x40, 0x3f, 0xf8, 0x14,
    0xc0, 0x18, 0x40, 0x3e, 0x6b, 0x0, 0xff, 0xe0,
    0x10, 0x98, 0x6, 0x17, 0x0, 0xf5, 0x38, 0x7,
    0x10, 0x7, 0x86, 0x0, 0x3c, 0x6e, 0x1, 0xc2,
    0x1, 0xfa, 0x0, 0x38,

    /* U+591A "多" */
    0x0, 0xff, 0xe3, 0xb8, 0x7, 0xfc, 0x30, 0x40,
    0x1f, 0xe6, 0x72, 0x0, 0xfe, 0x1b, 0x80, 0x1,
    0x90, 0x7, 0xae, 0x51, 0xa7, 0x60, 0x3, 0x94,
    0x23, 0x83, 0xe, 0x80, 0x31, 0x66, 0xea, 0x9b,
    0xe4, 0x3, 0xd, 0xcf, 0x20, 0x29, 0xa0, 0x6,
    0x69, 0xd, 0xf2, 0x99, 0x0, 0x73, 0x80, 0x13,
    0x79, 0x40, 0x3f, 0x92, 0xbd, 0xd0, 0x3, 0xe7,
    0xed, 0xa9, 0x40, 0x5a, 0x0, 0x24, 0x9d, 0x23,
    0x66, 0xe5, 0x88, 0x23, 0xca, 0x17, 0x6c, 0x6e,
    0x8e, 0x81, 0xc, 0x6, 0xc, 0x8c, 0x22, 0x2,
    0x1, 0xc, 0x58, 0xa0, 0x19, 0x28, 0x4, 0x53,
    0x21, 0xdd, 0xf, 0xd0, 0x6, 0x18, 0x0, 0x2e,
    0x57, 0x8, 0x6, 0x30, 0xd, 0xd0, 0x40, 0x1f,
    0x93, 0x60, 0xc0, 0x3f, 0x47, 0x69, 0x80, 0x7c,
    0xb5, 0x94, 0x20, 0x1f, 0x3b, 0x52, 0x0, 0x7f,
    0x0,

    /* U+5927 "大" */
    0x0, 0xf9, 0x0, 0x3f, 0xf8, 0x5e, 0x60, 0x1f,
    0xfc, 0x11, 0x60, 0xf, 0xfe, 0x8, 0xb8, 0x7,
    0xff, 0x8, 0xc0, 0x3f, 0xf8, 0x2e, 0x20, 0x1f,
    0xfd, 0xf6, 0x0, 0x1b, 0xe2, 0x0, 0x4, 0x91,
    0x9e, 0x93, 0x72, 0x7e, 0x9c, 0x0, 0xff, 0xc2,
    0x5a, 0x7b, 0x95, 0xc, 0x60, 0x6, 0xda, 0x75,
    0xf8, 0x50, 0xf, 0xfe, 0x1, 0xae, 0x0, 0x7f,
    0xc2, 0x20, 0x11, 0x0, 0x7f, 0x93, 0xc2, 0xdc,
    0x3, 0xfd, 0xea, 0x7, 0xa0, 0x1f, 0xc2, 0x40,
    0x11, 0x98, 0x3, 0xf3, 0x48, 0x5, 0x72, 0x1,
    0xf0, 0x8c, 0x1, 0x1b, 0x88, 0x7, 0xa5, 0x80,
    0x39, 0x60, 0x3, 0xa2, 0x40, 0x3d, 0x4c, 0xc0,
    0xa, 0x68, 0x40, 0x3c, 0x44, 0x9c, 0x56, 0x82,
    0x0, 0xfd, 0xbf, 0x8a,

    /* U+5929 "天" */
    0x0, 0xff, 0x88, 0x3, 0xf8, 0x91, 0xe7, 0x74,
    0xa0, 0x18, 0x73, 0x72, 0x20, 0x3b, 0x9e, 0xa0,
    0x18, 0x7b, 0x72, 0x89, 0xd0, 0x40, 0x3e, 0x20,
    0x8, 0xc4, 0x3, 0xff, 0x82, 0x20, 0x1f, 0xfc,
    0x27, 0x0, 0xc2, 0x1, 0xfe, 0x36, 0x9c, 0xe9,
    0x0, 0x13, 0x45, 0x66, 0xa5, 0xe, 0x77, 0x24,
    0x0, 0x79, 0xf3, 0xb2, 0x76, 0xea, 0x42, 0x1,
    0xd, 0x39, 0x89, 0xc5, 0x0, 0x7f, 0xf0, 0x31,
    0x4, 0x3, 0xff, 0x85, 0x4c, 0x1, 0xfe, 0x5d,
    0x3, 0xd0, 0xf, 0xf7, 0x38, 0x3, 0x14, 0x3,
    0xf2, 0x18, 0x80, 0x1a, 0x40, 0x3f, 0x74, 0x0,
    0x42, 0xe8, 0x1, 0xe8, 0xe0, 0xe, 0xe9, 0x0,
    0xe7, 0xe4, 0x0, 0xe5, 0x3a, 0x10, 0x3, 0x93,
    0x0, 0x7d, 0x23, 0x6a, 0xea, 0xa0, 0xf, 0xcf,
    0x74, 0xae, 0x40, 0x1f, 0xfc, 0x10,

    /* U+5934 "头" */
    0x0, 0xfc, 0x80, 0x1f, 0xfc, 0x28, 0x20, 0xf,
    0xfe, 0x13, 0x0, 0x7f, 0x38, 0x80, 0x5, 0x0,
    0x3f, 0x97, 0x8, 0x4, 0x3, 0xfc, 0x55, 0x20,
    0x1f, 0xfc, 0x17, 0x30, 0xf, 0xfa, 0x44, 0x20,
    0x1c, 0x3, 0xfa, 0xb0, 0x80, 0x2, 0x1, 0xfc,
    0x77, 0x80, 0x26, 0x1, 0xfe, 0x65, 0x3, 0xe0,
    0xf, 0xfa, 0x81, 0x84, 0x48, 0xfa, 0xe0, 0x1c,
    0x6f, 0x11, 0x6e, 0x82, 0x10, 0x1, 0x9d, 0xb2,
    0x38, 0xff, 0x92, 0xea, 0x60, 0xe, 0xfd, 0xa7,
    0x40, 0x10, 0xf, 0x88, 0x40, 0x23, 0x31, 0x0,
    0x7f, 0xf0, 0x26, 0x9d, 0x80, 0x3f, 0xc6, 0x62,
    0x51, 0x90, 0xf, 0xe8, 0x80, 0x1, 0xce, 0xc0,
    0x3e, 0xa8, 0x10, 0xa, 0x9a, 0x80, 0x30, 0xd4,
    0x98, 0x7, 0x70, 0x80, 0x47, 0x16, 0x60, 0x1e,
    0x3f, 0x0, 0x9e, 0x44, 0x3, 0xf2, 0x0, 0x0,

    /* U+5979 "她" */
    0x0, 0x90, 0x40, 0x32, 0x0, 0x7f, 0x58, 0x6,
    0xe3, 0x0, 0xf9, 0xc4, 0x3, 0x13, 0x0, 0x7c,
    0xf8, 0x1, 0xcc, 0x1, 0xf0, 0x90, 0x0, 0x40,
    0x2, 0x1, 0xf1, 0x30, 0x2, 0xc0, 0x3f, 0xde,
    0x4e, 0x0, 0x30, 0x30, 0xf, 0x84, 0x5c, 0xa6,
    0x40, 0x13, 0x0, 0x4, 0xd9, 0x2d, 0xd0, 0x4,
    0x0, 0xf2, 0x60, 0x90, 0xf, 0x68, 0x20, 0x16,
    0x8a, 0x98, 0x2d, 0xbe, 0x81, 0x80, 0x1d, 0xb9,
    0x80, 0x39, 0x48, 0xc, 0xc8, 0x2c, 0x60, 0x60,
    0x18, 0xdc, 0x6, 0x19, 0x80, 0x2, 0x10, 0xd,
    0xc4, 0x7b, 0x64, 0x1, 0x36, 0x80, 0x63, 0x15,
    0x50, 0x6, 0x53, 0x60, 0xd, 0x76, 0xd3, 0x0,
    0xdb, 0x46, 0x20, 0x10, 0xc2, 0x88, 0x4, 0x36,
    0x20, 0xa0, 0x19, 0x1b, 0x40, 0x25, 0x2e, 0x0,
    0x8, 0x5, 0xf0, 0xc0, 0x13, 0x1, 0x0, 0x8,
    0x0, 0xf4, 0x16, 0x1, 0x40, 0x4, 0x2c, 0x4,
    0x6, 0x2, 0x1c, 0xc4, 0x1, 0x16, 0x82, 0xb8,
    0x6, 0x7f, 0xdd, 0x77, 0x2b, 0x8d, 0xc0, 0x3d,
    0x3b, 0xae, 0xe6, 0xb0,

    /* U+597D "好" */
    0x0, 0xca, 0x1, 0xff, 0xc3, 0xf3, 0x0, 0xff,
    0xe1, 0xb8, 0x7, 0x8b, 0x44, 0x3, 0x85, 0x0,
    0x9a, 0x2f, 0x3c, 0x4, 0x3, 0x84, 0x0, 0x7f,
    0x95, 0x8f, 0xc0, 0x1f, 0x84, 0x52, 0x82, 0x23,
    0x30, 0x7, 0x8c, 0x11, 0x0, 0x22, 0x68, 0x0,
    0xf0, 0x88, 0x37, 0x0, 0x64, 0x4, 0x3, 0x1a,
    0xc3, 0x5a, 0x60, 0x4, 0xa0, 0x1d, 0x38, 0x15,
    0x68, 0xc0, 0xc, 0x70, 0x1, 0x8, 0x54, 0xf2,
    0x81, 0x10, 0x0, 0x33, 0x5b, 0xf2, 0x1, 0x70,
    0x80, 0x2b, 0x6f, 0x5e, 0x37, 0x50, 0x1, 0xf5,
    0xed, 0xc0, 0x90, 0x7, 0x8c, 0xf, 0x44, 0x3,
    0xff, 0x80, 0xe8, 0x80, 0xf, 0xfe, 0x5, 0xc,
    0x10, 0x7, 0xff, 0x5, 0x53, 0xcc, 0x3, 0xff,
    0x81, 0x57, 0x1c, 0x1, 0x8, 0x7, 0xc9, 0xc0,
    0xd4, 0x1, 0xfe, 0x1d, 0x70, 0x3, 0x9a, 0x80,
    0x7c, 0x33, 0x20, 0xc, 0x7b, 0x22, 0x1, 0xcf,
    0x0, 0x1e, 0x84, 0x20, 0xe, 0x60, 0xf, 0xd3,
    0x80, 0x1f, 0xfc, 0x24, 0x40, 0x6,

    /* U+5982 "如" */
    0x0, 0xc2, 0x60, 0x1f, 0xfc, 0x28, 0x0, 0xff,
    0xe1, 0x28, 0x7, 0xff, 0x4, 0x9c, 0x3, 0xff,
    0x82, 0xde, 0x1, 0xff, 0xc1, 0x25, 0x8, 0x3,
    0x0, 0xfe, 0xe2, 0x2, 0x45, 0x0, 0x88, 0x80,
    0x18, 0xc4, 0x99, 0x7c, 0x51, 0xfe, 0x1, 0x5e,
    0x97, 0x60, 0x44, 0x1b, 0xa1, 0x6e, 0xd, 0xf,
    0x6d, 0xa7, 0x0, 0x64, 0xb0, 0xa8, 0x43, 0x8f,
    0x80, 0x98, 0x0, 0x40, 0x2, 0x20, 0x8, 0xd4,
    0x17, 0xc0, 0x3f, 0xdc, 0x60, 0x6a, 0x2, 0x1,
    0xf8, 0xc0, 0x1a, 0x60, 0x1f, 0xe6, 0x10, 0x30,
    0xf, 0xfb, 0x6a, 0x70, 0x3, 0x89, 0xc0, 0x30,
    0xdb, 0xe8, 0x5, 0x9b, 0xcc, 0x40, 0x18, 0xd8,
    0xe4, 0x7, 0xf7, 0x28, 0x80, 0x34, 0xca, 0x9d,
    0x8, 0x3, 0xf3, 0x70, 0x8a, 0x87, 0x80, 0x3e,
    0x31, 0x40, 0x2, 0x2a, 0x88, 0x3, 0x86, 0xdc,
    0x3, 0xff, 0x80, 0xf0, 0x1, 0xff, 0xc0,

    /* U+5B50 "子" */
    0x0, 0xff, 0xe6, 0xd, 0x90, 0x7, 0x84, 0xda,
    0x2f, 0x71, 0x28, 0x3, 0x9b, 0xe4, 0x72, 0xb5,
    0x5a, 0x0, 0x39, 0xba, 0x9d, 0x4, 0x8e, 0x40,
    0x3f, 0xf8, 0x11, 0x20, 0x1f, 0xf3, 0x2f, 0x90,
    0x7, 0xfc, 0x78, 0xa0, 0x1f, 0xfc, 0x4, 0x10,
    0xe, 0x10, 0xf, 0x84, 0x85, 0x1e, 0xbb, 0xc4,
    0x4, 0xd5, 0xeb, 0x16, 0xb4, 0x7b, 0x3c, 0x67,
    0xa3, 0x4a, 0x71, 0x2e, 0x59, 0x8, 0x42, 0x7e,
    0xe1, 0x4c, 0x4, 0x3, 0xff, 0x84, 0x62, 0x1,
    0xff, 0xdf, 0x30, 0xf, 0xf0, 0x98, 0x0, 0x44,
    0x1, 0xfc, 0x36, 0x80, 0xe0, 0x1f, 0xf4, 0x41,
    0x40, 0x3f, 0xf8, 0x3f, 0x4c, 0x1, 0xff, 0xc0,
    0x37, 0xd0, 0xf, 0xfe, 0xc, 0x30, 0x7, 0xc0,

    /* U+5B66 "学" */
    0x0, 0xf1, 0x80, 0x48, 0x1, 0xf0, 0x80, 0x18,
    0xc0, 0x4, 0xe0, 0x1e, 0x71, 0x4, 0x80, 0x7,
    0x80, 0x7c, 0x90, 0x2, 0xc4, 0xa, 0xe0, 0x1e,
    0x25, 0x30, 0x73, 0x2b, 0x0, 0xfd, 0x68, 0x1c,
    0x2a, 0xc0, 0x2, 0x0, 0x94, 0x15, 0x1, 0x3,
    0x89, 0x67, 0xc0, 0x3, 0x8a, 0xaa, 0xbc, 0xc1,
    0x51, 0x2d, 0x80, 0x14, 0xc8, 0x95, 0x4c, 0xc5,
    0xcb, 0xab, 0x0, 0x36, 0x1d, 0x4c, 0x40, 0xb,
    0x25, 0x60, 0x12, 0x91, 0xbc, 0xde, 0x62, 0xbc,
    0x88, 0x1, 0x78, 0x17, 0xed, 0x65, 0x43, 0x0,
    0x71, 0x80, 0xc2, 0x10, 0xfb, 0x80, 0x7f, 0xc3,
    0x52, 0x0, 0x16, 0x10, 0xe, 0x13, 0x77, 0x56,
    0x6e, 0xce, 0x0, 0xae, 0xda, 0xb3, 0x68, 0xcd,
    0xcb, 0x60, 0x5, 0xfe, 0xdc, 0x31, 0x90, 0x7,
    0xc2, 0x20, 0xf, 0xfe, 0x39, 0x80, 0x7f, 0xf0,
    0x8, 0x4, 0x3, 0xff, 0x81, 0x46, 0xc0, 0x1f,
    0xfc, 0x8, 0xe0, 0xf, 0xfe, 0x17, 0x20, 0x7,
    0xff, 0x4, 0xe4, 0x3, 0xe0,

    /* U+5B83 "它" */
    0x0, 0xc2, 0x60, 0x1f, 0xf0, 0xd1, 0x0, 0x7f,
    0xd5, 0xe0, 0x1f, 0xf1, 0x89, 0x80, 0x78, 0xc0,
    0x35, 0x18, 0x5, 0x62, 0xa, 0x2, 0x6a, 0x33,
    0x7b, 0xc8, 0xa1, 0xbb, 0x4e, 0x8e, 0xce, 0xdc,
    0x20, 0x86, 0xe5, 0x43, 0x21, 0x6, 0xb8, 0x31,
    0x81, 0x38, 0x7, 0x68, 0x5, 0x60, 0x50, 0x1,
    0xca, 0x0, 0x63, 0x0, 0x18, 0x6, 0x40, 0x8,
    0x40, 0x26, 0x0, 0x9f, 0x80, 0x3e, 0x30, 0x2,
    0x57, 0x0, 0x7f, 0x3e, 0xe9, 0x0, 0x3e, 0x39,
    0x39, 0x0, 0xfe, 0x68, 0x40, 0xf, 0xe1, 0x41,
    0x0, 0xe3, 0x0, 0xff, 0xe0, 0x28, 0x6, 0x10,
    0xf, 0xc2, 0x1, 0x88, 0x3, 0xe5, 0x0, 0xe5,
    0x0, 0xc5, 0x86, 0x1, 0xaf, 0x76, 0xef, 0xf0,
    0x90, 0x6, 0x18, 0xdd, 0x77, 0xed, 0xa8,

    /* U+5B8C "完" */
    0x0, 0xff, 0xe4, 0x8a, 0x80, 0x7f, 0xf0, 0x47,
    0x84, 0x3, 0xff, 0x82, 0x6c, 0x1, 0xfc, 0x60,
    0x16, 0x18, 0x4, 0x64, 0x1, 0xa, 0x80, 0x8,
    0x9, 0xe6, 0xf6, 0x0, 0x25, 0x8c, 0xbb, 0x18,
    0x1d, 0xd9, 0x6c, 0x2, 0xca, 0xcb, 0x97, 0x64,
    0x23, 0xe1, 0x0, 0x99, 0x40, 0x38, 0x85, 0xd4,
    0x3, 0x48, 0x93, 0xcd, 0xef, 0x32, 0x0, 0x73,
    0x81, 0xe, 0xd6, 0xe3, 0x80, 0x7f, 0x32, 0x8,
    0x7, 0xff, 0x8, 0x4d, 0xa2, 0xf4, 0x3, 0x45,
    0x66, 0xea, 0xfc, 0x76, 0x3c, 0x3, 0x5f, 0x6c,
    0x2d, 0x13, 0xa9, 0x90, 0x6, 0x34, 0x12, 0x0,
    0x10, 0x7, 0xfd, 0x94, 0xe, 0x1, 0xff, 0x31,
    0x0, 0x80, 0x65, 0x0, 0xe7, 0xa0, 0xf, 0x8c,
    0x3, 0xe, 0x38, 0x7, 0xdc, 0x1, 0xae, 0x0,
    0x3f, 0x18, 0x5, 0x1c, 0x60, 0x19, 0x4, 0x44,
    0xa0, 0x8, 0xc4, 0x0, 0xd3, 0x1d, 0xcc, 0x30,
    0x39, 0x40, 0xe, 0x3c, 0xff, 0x76, 0x80,

    /* U+5B9A "定" */
    0x0, 0xf2, 0x80, 0x7f, 0xf0, 0xdc, 0x3, 0xff,
    0x82, 0xb0, 0x1, 0xfc, 0x60, 0x19, 0x0, 0x32,
    0x80, 0x65, 0x0, 0xd2, 0x6d, 0x17, 0x4a, 0x1,
    0x7a, 0xc5, 0xef, 0x48, 0xe4, 0x22, 0x80, 0x44,
    0x4c, 0x9d, 0xca, 0x74, 0x59, 0x0, 0x88, 0x1d,
    0x8, 0x3, 0x90, 0x80, 0x31, 0x80, 0x79, 0x25,
    0x0, 0x31, 0x51, 0xab, 0xd6, 0xe7, 0x70, 0xc0,
    0x38, 0xab, 0xc6, 0x5f, 0x29, 0xd4, 0x3, 0xd3,
    0x4c, 0x62, 0x1, 0xfe, 0x18, 0x0, 0xe1, 0x0,
    0xf8, 0x94, 0x0, 0xed, 0x7c, 0xa0, 0x1e, 0x5a,
    0x0, 0x9, 0xcf, 0xa8, 0x7, 0xb0, 0x40, 0xc,
    0xa4, 0x1, 0xf8, 0x44, 0xc0, 0x1f, 0xf3, 0x7b,
    0x84, 0x80, 0x7f, 0xb1, 0x1, 0xb5, 0xc4, 0x3,
    0xe4, 0xf0, 0x9, 0x3f, 0x50, 0x3, 0xda, 0xa0,
    0x18, 0xf6, 0x6d, 0x48, 0x44, 0xb4, 0x1, 0xe1,
    0xd7, 0xad, 0xa4, 0x3, 0x0, 0xfd, 0x95, 0xd6,
    0xa0,

    /* U+5B9E "实" */
    0x0, 0xf3, 0x80, 0x7f, 0xf0, 0x8a, 0x40, 0x3f,
    0xf8, 0x2a, 0xe4, 0x1, 0x10, 0x6, 0x10, 0xd,
    0x24, 0x4, 0xba, 0x20, 0x13, 0x81, 0x2b, 0xee,
    0x62, 0x3d, 0x4, 0x2, 0xcc, 0x41, 0x12, 0x37,
    0x2b, 0x68, 0x3, 0xe, 0x53, 0xa9, 0x50, 0x80,
    0x4, 0x2, 0x52, 0x5, 0x70, 0x3, 0x88, 0x20,
    0x7, 0x68, 0x2e, 0xc0, 0x38, 0x0, 0xc0, 0x32,
    0xa0, 0x2, 0x80, 0x3f, 0xf8, 0x4, 0x21, 0x0,
    0x1f, 0xf1, 0x54, 0x0, 0x90, 0x7, 0xfa, 0xd1,
    0x7, 0xc0, 0x1f, 0xf6, 0xb3, 0x90, 0xa, 0x53,
    0x0, 0x71, 0x2a, 0xba, 0x32, 0xb7, 0x46, 0x0,
    0xad, 0xc8, 0x32, 0x7d, 0xcb, 0x97, 0x50, 0x4,
    0x6e, 0x53, 0xb9, 0x40, 0x3f, 0x10, 0x6, 0x8a,
    0x81, 0x0, 0xff, 0x21, 0x1c, 0xea, 0x0, 0x7e,
    0x2e, 0x80, 0x1d, 0xa8, 0x0, 0xf1, 0xc5, 0x0,
    0x43, 0x8c, 0xe0, 0x19, 0x6a, 0x80, 0x1c, 0x5b,
    0xc0, 0x12, 0xc, 0x80, 0x7c, 0x70, 0x0,

    /* U+5BB6 "家" */
    0x0, 0xf3, 0x0, 0x7f, 0xf0, 0xdc, 0x3, 0xff,
    0x82, 0xd0, 0x1, 0xfc, 0x40, 0x19, 0x80, 0x34,
    0x80, 0x64, 0x2, 0x35, 0x19, 0xbc, 0xd6, 0x30,
    0xa, 0xf2, 0x2c, 0xf6, 0xa9, 0x93, 0x6, 0x0,
    0x35, 0xca, 0x86, 0x53, 0x10, 0x37, 0x0, 0xa7,
    0x0, 0x30, 0xa3, 0xd3, 0x0, 0x63, 0x59, 0xbc,
    0xdc, 0xc0, 0xf0, 0x80, 0x69, 0x1d, 0x9d, 0x1c,
    0x86, 0x30, 0xf, 0x90, 0xf7, 0x84, 0xa, 0x4,
    0x3, 0xc5, 0x74, 0xc0, 0xe, 0xb1, 0x0, 0xe7,
    0xaa, 0x1c, 0x85, 0x7a, 0x0, 0x72, 0x2c, 0x1f,
    0x55, 0x0, 0xc0, 0x3c, 0x84, 0x71, 0x41, 0xb2,
    0xe0, 0x1f, 0x24, 0xda, 0xe6, 0x9e, 0x88, 0x7,
    0x39, 0x51, 0x45, 0x0, 0x26, 0x0, 0x30, 0xb3,
    0x6, 0x74, 0x40, 0x6, 0x46, 0x1, 0x8, 0x8a,
    0xe8, 0x40, 0x37, 0xe9, 0x80, 0x4b, 0x54, 0x31,
    0x1, 0x0, 0x21, 0x65, 0x9a, 0x34, 0x1, 0x59,
    0x8, 0x5, 0x9f, 0x66, 0x86, 0x1, 0x4e, 0xe8,
    0x3, 0xff, 0x80, 0x6c, 0xa0, 0x1f, 0xfc, 0x19,
    0x20, 0xf, 0x80,

    /* U+5BF9 "对" */
    0x0, 0xff, 0x18, 0x7, 0xff, 0x9, 0xe8, 0x3,
    0xff, 0x82, 0xcc, 0x0, 0xff, 0xe0, 0x9b, 0x0,
    0x7f, 0x28, 0x7, 0xfc, 0x4b, 0x36, 0x1, 0xf8,
    0x77, 0xa0, 0x85, 0x80, 0x21, 0x0, 0xc3, 0x9d,
    0x4e, 0x18, 0x1, 0xb, 0x3e, 0x30, 0xb, 0x0,
    0x8, 0x93, 0x9b, 0xa1, 0x9, 0x40, 0x8, 0x80,
    0x57, 0x37, 0x58, 0xee, 0x52, 0x0, 0x35, 0x91,
    0x99, 0xc4, 0x3, 0xfb, 0xa7, 0x0, 0xdc, 0x3,
    0xf9, 0x91, 0x0, 0x38, 0x60, 0x1f, 0x8c, 0x54,
    0x1, 0xd2, 0x1, 0xfa, 0xb6, 0x0, 0x9, 0xa0,
    0x1f, 0x8, 0x1b, 0x28, 0xb, 0x80, 0x7d, 0x32,
    0xf, 0x80, 0xf, 0xe2, 0xe1, 0x4, 0x60, 0xf,
    0xea, 0x60, 0xa, 0x80, 0x3f, 0x2d, 0x0, 0x61,
    0x3, 0x70, 0x10, 0x9, 0x48, 0x3, 0xc6, 0x36,
    0x1, 0xff, 0xc1, 0x61, 0x10, 0x7, 0xff, 0x6,
    0xbc, 0x2,

    /* U+5C06 "将" */
    0x0, 0x84, 0x40, 0x11, 0x18, 0x7, 0xf5, 0x0,
    0x49, 0x20, 0x1f, 0x85, 0x40, 0x2d, 0x90, 0xf,
    0xe5, 0x0, 0x8, 0x18, 0xd, 0x80, 0x78, 0x40,
    0xc, 0xf9, 0xbe, 0xc0, 0x13, 0x0, 0x76, 0x7e,
    0x6a, 0xf8, 0x5, 0x86, 0x1, 0x28, 0x88, 0xc,
    0x88, 0x1, 0x77, 0x0, 0xc3, 0x2f, 0xc2, 0x20,
    0x1, 0x90, 0x2, 0x68, 0x14, 0x8d, 0x10, 0xe,
    0xe0, 0x3, 0x8, 0x60, 0xbd, 0x0, 0x71, 0x80,
    0x65, 0xc9, 0x16, 0x0, 0xf3, 0x80, 0x1c, 0xe4,
    0x0, 0xc0, 0x62, 0x0, 0x82, 0x5, 0x53, 0x9b,
    0x42, 0x76, 0xb0, 0x40, 0x28, 0x7e, 0x6d, 0xe,
    0x27, 0x71, 0xe1, 0x20, 0x1, 0x7c, 0xd2, 0xe8,
    0x1, 0xab, 0x80, 0x21, 0x2, 0x70, 0xf, 0x11,
    0x0, 0x40, 0x2b, 0xb0, 0x7, 0xf8, 0x40, 0x7,
    0x40, 0x1f, 0xfc, 0x26, 0x0, 0x18, 0x7, 0x8c,
    0x3, 0x8, 0x8, 0x7, 0xce, 0x1, 0xd6, 0x80,
    0x1f, 0x8, 0x6, 0x19, 0xb1, 0x0, 0xf2, 0x60,
    0x6, 0x2a, 0xf0, 0xf, 0x90, 0x3, 0x91, 0xc0,
    0x20,

    /* U+5C0F "小" */
    0x0, 0xf8, 0xc0, 0x3f, 0xf8, 0x5e, 0x20, 0x1f,
    0xfc, 0x25, 0x0, 0xff, 0xe1, 0x20, 0x7, 0xff,
    0x5, 0xc0, 0x3f, 0xfb, 0xa4, 0x1, 0xff, 0xc2,
    0x45, 0x0, 0x85, 0x40, 0x3f, 0x6e, 0x80, 0x21,
    0xd2, 0x0, 0xf9, 0xa0, 0x3, 0x4c, 0x80, 0x3c,
    0xd6, 0x1, 0xc2, 0x6c, 0x1, 0xd8, 0xc0, 0x1e,
    0x98, 0x10, 0x9, 0x30, 0x3, 0xe1, 0x78, 0x0,
    0xb9, 0x80, 0x3f, 0x53, 0x8, 0x2f, 0x0, 0x7f,
    0x19, 0x88, 0x9, 0x0, 0x3f, 0xd2, 0x66, 0x70,
    0xf, 0xf9, 0x40, 0xc0, 0x22, 0x20, 0x7, 0xff,
    0x4, 0xa0, 0xdc, 0x3, 0xff, 0x81, 0x7a, 0x40,
    0x1f, 0xfc, 0x1, 0xb2, 0x0, 0xff, 0xe0, 0xac,
    0x80, 0x7c,

    /* U+5C31 "就" */
    0x0, 0xff, 0xe4, 0x8, 0x7, 0x40, 0x7, 0xf3,
    0x8, 0x6, 0x26, 0x0, 0xfc, 0x94, 0x1, 0x8c,
    0x80, 0x3f, 0x1b, 0x8, 0x4, 0x6a, 0x40, 0x1f,
    0xac, 0x4d, 0xc0, 0x3, 0x64, 0x1, 0xa, 0x3c,
    0xd6, 0x4f, 0x90, 0x85, 0x48, 0x4, 0x9a, 0x57,
    0x98, 0xa8, 0x21, 0x3, 0xc0, 0x9, 0x65, 0x88,
    0x1, 0x0, 0x1c, 0xc0, 0x1d, 0x31, 0x78, 0xa0,
    0x1, 0x58, 0xf7, 0x0, 0xea, 0xbd, 0x7c, 0xd6,
    0x9c, 0xe7, 0x0, 0xc6, 0x40, 0x5b, 0xaf, 0xa1,
    0x40, 0xf, 0x18, 0xa, 0x0, 0xb1, 0x38, 0x7,
    0xcd, 0x98, 0xf2, 0x2, 0x63, 0x0, 0xfa, 0xf0,
    0x21, 0x43, 0x88, 0x3, 0xf1, 0x83, 0x98, 0x0,
    0x84, 0x3, 0xf4, 0x18, 0x35, 0x0, 0x80, 0x7e,
    0x45, 0x30, 0x51, 0x63, 0x0, 0xc4, 0x1, 0x74,
    0x80, 0x53, 0xf4, 0x1, 0x9c, 0x1, 0x16, 0x20,
    0x11, 0x1, 0x0, 0x62, 0x1, 0xa1, 0x74, 0x0,
    0x2e, 0x0, 0x76, 0x80, 0x90, 0x34, 0x0, 0x3d,
    0x40, 0x4, 0x0, 0x61, 0x0, 0xdd, 0xaf, 0x0,
    0x11, 0xf7, 0x81, 0x80, 0x62, 0x73, 0x20, 0xa,
    0x3b, 0xf0, 0x80,

    /* U+5DE5 "工" */
    0x0, 0xff, 0xe5, 0x8a, 0x47, 0x20, 0x6, 0x35,
    0x7a, 0xce, 0xcf, 0x8, 0x60, 0xd, 0x71, 0xd9,
    0xeb, 0xb7, 0xc, 0x40, 0x1a, 0x36, 0x58, 0xd4,
    0x3, 0xff, 0x84, 0x40, 0x1f, 0xff, 0xf0, 0xf,
    0xff, 0x3, 0x80, 0x7f, 0xf5, 0x91, 0xc0, 0x3c,
    0x4a, 0xd3, 0x7b, 0xf7, 0x28, 0xb7, 0xbd, 0xfe,
    0xe4, 0xee, 0xdf, 0xc8, 0xa7, 0x3f, 0xed, 0xb9,
    0x75, 0x31, 0x0, 0x80,

    /* U+5DF1 "己" */
    0x0, 0xff, 0xe3, 0xc, 0x38, 0x4, 0x2d, 0x15,
    0x9b, 0xa5, 0xe0, 0x8, 0x7c, 0x3b, 0x75, 0x89,
    0xa0, 0x1a, 0x61, 0x4, 0x0, 0x6c, 0x1, 0xfe,
    0x62, 0x0, 0xff, 0xe2, 0x18, 0x7, 0x38, 0x7,
    0x58, 0x4, 0x4a, 0xe0, 0x1c, 0xb9, 0xba, 0x9c,
    0xb1, 0x0, 0xcd, 0xdb, 0xab, 0x97, 0x10, 0xc,
    0x24, 0x1, 0xff, 0xca, 0x30, 0xf, 0xc2, 0x1,
    0xff, 0x38, 0x7, 0xfc, 0x20, 0x3, 0x0, 0xfd,
    0xc0, 0x1f, 0xf1, 0x80, 0x7f, 0xce, 0x0, 0x28,
    0x0, 0xf1, 0x90, 0x84, 0xf, 0x73, 0x75, 0xdf,
    0x84, 0x1, 0x4f, 0x7f, 0xd9, 0xdf, 0xa2,

    /* U+5DF2 "已" */
    0x0, 0xf8, 0xc8, 0x3, 0xe2, 0x57, 0xe8, 0x0,
    0xd7, 0xdb, 0x1a, 0x4f, 0xc0, 0x1a, 0x7b, 0x6a,
    0x14, 0x18, 0x3, 0x18, 0x7, 0x31, 0x0, 0x6a,
    0x0, 0xff, 0x9c, 0x40, 0x3f, 0xce, 0x20, 0x19,
    0x80, 0x3c, 0x8d, 0x17, 0xa8, 0x1, 0xcf, 0xa3,
    0xb3, 0xbc, 0x1, 0xcf, 0x2e, 0xa4, 0x1, 0xff,
    0xdc, 0x11, 0x0, 0x7f, 0x88, 0x80, 0x20, 0x1f,
    0xce, 0x1, 0xff, 0x10, 0x0, 0x40, 0x3e, 0x7e,
    0xc, 0x80, 0xf, 0x16, 0x90, 0x30, 0x77, 0xf7,
    0x3f, 0xda, 0x86, 0x0, 0x9e, 0xff, 0xbb, 0xfd,
    0xb2,

    /* U+5E72 "干" */
    0x0, 0xff, 0x84, 0x3, 0xf8, 0x95, 0xeb, 0xb0,
    0x3, 0x87, 0x3b, 0x66, 0x6, 0x7f, 0x40, 0x38,
    0x7f, 0xdb, 0x6c, 0xc3, 0x10, 0xf, 0x8c, 0x40,
    0x3f, 0xfc, 0xc6, 0xd5, 0x20, 0x18, 0x91, 0xa5,
    0x3b, 0x9f, 0xed, 0xc0, 0x1d, 0xfe, 0xd1, 0xc3,
    0xee, 0x64, 0xba, 0x80, 0xff, 0xb2, 0x5d, 0x5c,
    0x3, 0xf1, 0x0, 0x7f, 0xff, 0xc0, 0x3f, 0xfa,
    0xee, 0x1, 0xff, 0xc1, 0x20, 0xf, 0xfe, 0x11,
    0x38, 0x7, 0xff, 0xb, 0xc0, 0x3e,

    /* U+5E74 "年" */
    0x0, 0xf2, 0x80, 0x7f, 0xf0, 0xe0, 0x40, 0x3f,
    0xf8, 0x24, 0x2, 0x1, 0xff, 0xc1, 0x5a, 0x0,
    0xc2, 0x80, 0x1f, 0xa9, 0x89, 0x62, 0xfe, 0x8,
    0x3, 0xca, 0x1d, 0x31, 0xb5, 0xd8, 0x40, 0x1e,
    0xec, 0xfb, 0x74, 0x10, 0xf, 0xcb, 0xa2, 0x1,
    0xff, 0xc0, 0x1f, 0x51, 0x0, 0xc4, 0xca, 0x1,
    0xd3, 0x63, 0x53, 0x8b, 0x93, 0xe4, 0x1, 0xd2,
    0x24, 0xfb, 0xcb, 0x97, 0x2e, 0x1, 0xc2, 0x0,
    0x64, 0x20, 0xf, 0xfe, 0xaa, 0xa9, 0xe7, 0x38,
    0x81, 0xa2, 0x6d, 0x37, 0x49, 0xf8, 0x19, 0x18,
    0x41, 0xc3, 0x91, 0xfb, 0xa4, 0xb9, 0x75, 0x42,
    0x0, 0x44, 0xa9, 0x88, 0x7, 0xff, 0x18, 0x40,
    0x3f, 0xfc, 0x6c, 0x1, 0xff, 0xc3, 0x20, 0xf,
    0xfe, 0x1b, 0x0, 0x7f, 0xf0, 0xe0, 0x3, 0xe0,

    /* U+5E76 "并" */
    0x0, 0xff, 0x10, 0x7, 0xe3, 0x0, 0xe9, 0x0,
    0xfd, 0x66, 0x1, 0xa, 0x10, 0x7, 0xd3, 0xc2,
    0x0, 0x56, 0x20, 0xf, 0x85, 0x18, 0x1, 0xb6,
    0x1, 0xfd, 0xa4, 0x0, 0x32, 0x1, 0x0, 0xf9,
    0x59, 0x20, 0x6b, 0x7c, 0x80, 0x27, 0xed, 0xf8,
    0xce, 0x78, 0xde, 0x20, 0x9, 0xff, 0x5e, 0x61,
    0x9c, 0x80, 0x3e, 0x10, 0x1, 0x80, 0x7f, 0xf0,
    0x4c, 0x3, 0xff, 0x86, 0x20, 0x18, 0x51, 0xc0,
    0x4, 0x68, 0xcf, 0x37, 0x89, 0xba, 0xfd, 0x44,
    0x7c, 0xe0, 0x2, 0xa7, 0x13, 0x72, 0xe9, 0x11,
    0xb5, 0xc, 0xc3, 0x20, 0xf, 0xf8, 0xcc, 0x1,
    0xff, 0xc1, 0xac, 0x0, 0xff, 0xe0, 0xaa, 0x0,
    0x7f, 0xf0, 0x1a, 0x80, 0x3f, 0xf8, 0x7, 0xac,
    0x1, 0x8, 0x7, 0xc7, 0x14, 0x1, 0x94, 0x40,
    0x39, 0x2e, 0xc2, 0x1, 0x94, 0x3, 0xcb, 0x0,
    0x1e, 0x19, 0x0, 0xe0,

    /* U+5E94 "应" */
    0x0, 0xf0, 0xa0, 0x7, 0xff, 0x0, 0x7c, 0x40,
    0x3f, 0xf8, 0x19, 0x0, 0x1f, 0x94, 0x2, 0x50,
    0xf, 0xed, 0x0, 0x8b, 0x11, 0xea, 0xc0, 0x31,
    0xcd, 0xee, 0xbb, 0x43, 0x3c, 0x3, 0x3d, 0x53,
    0x75, 0x72, 0xec, 0x80, 0x19, 0xcc, 0x40, 0x3f,
    0xf8, 0x66, 0x1, 0x20, 0x7, 0xf2, 0x0, 0x50,
    0x1, 0xc2, 0x62, 0x0, 0x10, 0x1, 0x88, 0x4,
    0x26, 0x66, 0x3, 0x60, 0x25, 0x10, 0x8, 0xc4,
    0x34, 0x1a, 0xc1, 0x30, 0x3, 0x37, 0x1, 0x98,
    0x8c, 0x3d, 0xc0, 0x31, 0x10, 0x3e, 0xc1, 0x0,
    0xc4, 0x3, 0x73, 0x1, 0x0, 0x20, 0x74, 0x3,
    0x88, 0x80, 0xd6, 0x6, 0xea, 0x1, 0xf8, 0x8c,
    0x1, 0xc4, 0x1, 0x8b, 0x40, 0x3d, 0xe0, 0x3,
    0x0, 0x2b, 0x0, 0x9a, 0x34, 0xdd, 0xbb, 0x24,
    0x3c, 0xfb, 0x27, 0x7, 0x22, 0x7b, 0xe5, 0x68,
    0xbb, 0x6a, 0x1d, 0x50, 0x80, 0x26, 0x20, 0xf,
    0xfe, 0x0,

    /* U+5F00 "开" */
    0x0, 0xff, 0x8c, 0x3, 0xf1, 0x23, 0x4d, 0xf6,
    0x38, 0x6, 0x6e, 0xe7, 0xe8, 0xf9, 0xff, 0x9c,
    0x3, 0x37, 0xf3, 0x43, 0xb3, 0x4, 0x3, 0xe1,
    0x0, 0x10, 0x0, 0xc0, 0x3f, 0xe3, 0x0, 0x30,
    0x7, 0xff, 0x50, 0xc4, 0x3, 0xe2, 0x46, 0x65,
    0x6e, 0x60, 0xa, 0xb3, 0x79, 0x27, 0x78, 0x7b,
    0xfb, 0x40, 0xbf, 0xd9, 0xc9, 0x73, 0xe, 0x84,
    0x20, 0x12, 0x98, 0x80, 0x7f, 0xf0, 0xc8, 0x80,
    0x1f, 0xfc, 0x17, 0xe0, 0xf, 0xfe, 0xe, 0x20,
    0x7, 0xff, 0x5, 0x4c, 0x3, 0xff, 0x80, 0xb6,
    0x1, 0xff, 0xc1, 0x97, 0x0, 0xff, 0xe0, 0x44,
    0x0, 0x31, 0x38, 0x7, 0x97, 0x90, 0x3, 0x30,
    0x7, 0x84, 0x18, 0x3, 0x91, 0x80, 0x38, 0x54,
    0x3, 0xe9, 0x0, 0xe0,

    /* U+5F3A "强" */
    0x0, 0xf9, 0x0, 0x25, 0x50, 0x7, 0x34, 0x86,
    0xbd, 0x6d, 0xe8, 0x2, 0x77, 0x2b, 0x80, 0xca,
    0x35, 0xa8, 0x1, 0x1b, 0x96, 0xa0, 0x6a, 0x40,
    0x24, 0x0, 0x10, 0x7, 0x98, 0x6, 0x12, 0x0,
    0xc8, 0x0, 0x10, 0x3b, 0xda, 0x23, 0x0, 0xb1,
    0xd4, 0xc0, 0x68, 0x6e, 0x4c, 0x0, 0x28, 0x5e,
    0x61, 0xe2, 0xc0, 0x1c, 0x76, 0xa4, 0xa, 0x80,
    0x60, 0x8, 0x0, 0x8, 0x80, 0x80, 0xc, 0xaa,
    0xbd, 0x61, 0x6, 0x5, 0xf5, 0xc, 0x37, 0xaf,
    0x71, 0xf, 0xa2, 0x15, 0x1e, 0x62, 0x11, 0x78,
    0x2, 0x31, 0xd8, 0x3, 0xcc, 0x40, 0x2, 0x0,
    0xc3, 0x8e, 0x99, 0x78, 0x1, 0xc6, 0x4, 0x53,
    0xe7, 0x40, 0x6, 0x2e, 0x5, 0xe5, 0x30, 0x30,
    0x8, 0x81, 0x88, 0x9, 0x0, 0x22, 0x80, 0x2,
    0x86, 0x38, 0x7, 0x9, 0x2a, 0x2, 0xc9, 0x92,
    0x34, 0x5b, 0xda, 0x5c, 0x1, 0x10, 0x1, 0xf9,
    0xb3, 0xd4, 0xec, 0xe0, 0x8, 0xd0, 0xba, 0x52,
    0x0, 0xd0, 0x0, 0x36, 0x0, 0xfe, 0x30,

    /* U+5F53 "当" */
    0x0, 0xe1, 0x0, 0xff, 0x8a, 0x40, 0x3f, 0xc6,
    0xc2, 0x0, 0x20, 0xf, 0x8c, 0x40, 0x12, 0x0,
    0x60, 0xc, 0xe0, 0x12, 0x18, 0x3d, 0x0, 0x79,
    0x54, 0x60, 0x25, 0x0, 0x1d, 0xf0, 0x1, 0x4b,
    0x98, 0x7, 0x10, 0x4, 0x2a, 0xc0, 0x12, 0xc8,
    0x7, 0x4b, 0x80, 0x44, 0x60, 0x1c, 0x64, 0x1,
    0x21, 0x53, 0x0, 0x9a, 0xb4, 0x2e, 0xf4, 0xb8,
    0x83, 0x7e, 0xe, 0x63, 0x75, 0x68, 0xa0, 0xf9,
    0x2e, 0x84, 0x1, 0x11, 0x0, 0x3f, 0x8, 0x7,
    0x11, 0xab, 0xd6, 0xf9, 0x80, 0x6a, 0x92, 0x24,
    0xef, 0x18, 0x6, 0x8a, 0x75, 0x30, 0x8, 0x40,
    0x3f, 0xc2, 0x60, 0x1f, 0x84, 0xd8, 0xc0, 0xf,
    0x15, 0x79, 0x8a, 0x9f, 0xc0, 0x1, 0x74, 0xd6,
    0x62, 0xea, 0x18, 0x0,

    /* U+5F71 "影" */
    0x0, 0xff, 0xe0, 0x10, 0x4, 0x20, 0x19, 0x50,
    0x2, 0xb1, 0x0, 0x1b, 0x2c, 0x5d, 0xb4, 0x2,
    0x43, 0x0, 0x15, 0x1d, 0xda, 0x68, 0x0, 0xb4,
    0x40, 0x12, 0xa9, 0x27, 0xc8, 0x1, 0xee, 0x1,
    0x92, 0xca, 0xc4, 0x40, 0xbc, 0x1, 0xc9, 0xe,
    0xe5, 0x20, 0xd4, 0x0, 0xe7, 0xbe, 0xf, 0x27,
    0x80, 0x53, 0x0, 0xae, 0xc2, 0xa6, 0xc, 0x0,
    0xc4, 0x0, 0x94, 0x5d, 0xd5, 0xca, 0x4, 0x47,
    0xa, 0xcc, 0x5e, 0x9c, 0xf2, 0x4, 0x50, 0x2,
    0xf2, 0x29, 0xb, 0x8c, 0x1b, 0xc4, 0x0, 0x21,
    0xd4, 0x86, 0xc6, 0x5c, 0xa0, 0xc0, 0x11, 0xd3,
    0xa9, 0x5, 0x40, 0x1d, 0x0, 0x47, 0x17, 0x84,
    0x30, 0x0, 0xa9, 0x0, 0x8e, 0xc7, 0x6c, 0x40,
    0x2, 0xaa, 0x0, 0xb4, 0x8d, 0x48, 0x2, 0x88,
    0x0, 0x6f, 0x40, 0x49, 0x40, 0x23, 0x40, 0x9,
    0xb1, 0x40, 0x13, 0xe1, 0x36, 0x1, 0x1f, 0x28,
    0x80, 0xa, 0x27, 0xc4, 0x2, 0x58, 0x2b, 0x20,
    0x2, 0x62, 0x0, 0x66, 0x0, 0x4a, 0x83, 0x92,
    0x80, 0x7e, 0x3a, 0x45, 0x50, 0x7, 0x0,

    /* U+5F88 "很" */
    0x0, 0xe4, 0x2, 0x0, 0xc2, 0x1, 0xfb, 0x4d,
    0x40, 0x23, 0xf2, 0x0, 0xf0, 0xb8, 0xf4, 0xe6,
    0xc9, 0x90, 0x7, 0x9a, 0xc8, 0x37, 0x36, 0x9c,
    0x3, 0xc3, 0xca, 0x0, 0x40, 0xf, 0xf4, 0xc1,
    0x0, 0x5, 0x68, 0x80, 0x3c, 0xb6, 0x30, 0x41,
    0x65, 0x26, 0x60, 0xc, 0x82, 0x62, 0xe6, 0x14,
    0xe6, 0x2, 0x1, 0x95, 0x2, 0x24, 0x40, 0x32,
    0x0, 0x70, 0x82, 0x32, 0x0, 0x2b, 0x73, 0xf8,
    0x3, 0xde, 0xa0, 0x17, 0xde, 0x53, 0x28, 0x6,
    0x89, 0x30, 0x9, 0x7c, 0x0, 0x9c, 0x1, 0x2d,
    0x90, 0x7, 0x6b, 0x7, 0xc0, 0x4, 0x26, 0x6,
    0x1, 0x93, 0x1f, 0xcc, 0x2, 0x40, 0xf, 0xdf,
    0xc8, 0x1, 0xff, 0xc1, 0x52, 0x0, 0xff, 0x8c,
    0x0, 0x5a, 0xc0, 0x1f, 0xfc, 0x6, 0x16, 0xb1,
    0x0, 0xf0, 0x80, 0x48, 0x26, 0x15, 0xa4, 0x1,
    0xca, 0x0, 0x18, 0x70, 0x3, 0xc, 0xb8, 0x6,
    0x30, 0x2, 0xc0, 0x4, 0x3b, 0x6e, 0x1, 0x94,
    0x1, 0xa8, 0x1, 0xff, 0x40, 0x0, 0xc0, 0x3f,
    0x0,

    /* U+5F97 "得" */
    0x0, 0xff, 0xe3, 0xa0, 0x18, 0x80, 0x6, 0x1c,
    0x3, 0xd2, 0x3, 0xb9, 0x70, 0xa0, 0x1e, 0x56,
    0x3, 0x5c, 0xb9, 0x14, 0x0, 0xe9, 0xa0, 0x11,
    0x9c, 0x44, 0x40, 0x1a, 0x20, 0x20, 0x6, 0xb1,
    0x3, 0x10, 0x9, 0x3d, 0x10, 0x20, 0xf4, 0xc2,
    0x1, 0x84, 0xdc, 0x35, 0x4, 0xd1, 0xe8, 0x48,
    0x2, 0x70, 0x15, 0x40, 0x7c, 0x29, 0xd2, 0x0,
    0x8, 0x2, 0x7c, 0x45, 0xd0, 0xa6, 0x4a, 0x20,
    0x11, 0x29, 0x82, 0x34, 0x56, 0x56, 0x28, 0x5,
    0x6e, 0x0, 0xc2, 0xba, 0x7b, 0x94, 0x0, 0x3d,
    0x98, 0x2, 0x1c, 0xc0, 0x2, 0x25, 0x34, 0x32,
    0x0, 0x84, 0xda, 0x17, 0x37, 0xd1, 0xd0, 0x0,
    0x5b, 0xaf, 0xb, 0x5c, 0xc5, 0x39, 0x80, 0x45,
    0xb8, 0xa8, 0x62, 0x1, 0xff, 0x65, 0x80, 0x7f,
    0xf0, 0x53, 0xc0, 0x3f, 0x8c, 0x2, 0x16, 0x0,
    0xfe, 0x10, 0xc, 0xa2, 0x1, 0xf1, 0x80, 0x72,
    0xd0, 0x80, 0x78, 0xc8, 0x3, 0xbd, 0x80, 0x3e,
    0xb0, 0xe, 0x4b, 0x0, 0xc0,

    /* U+5FC3 "心" */
    0x0, 0xf1, 0x80, 0x7f, 0xf0, 0xac, 0x3, 0xff,
    0x85, 0xaa, 0x1, 0xff, 0xc1, 0x49, 0x0, 0xff,
    0xe0, 0x88, 0x18, 0x8, 0x80, 0x3f, 0xca, 0xc0,
    0x30, 0x1, 0xc8, 0x22, 0x0, 0x62, 0x80, 0x2a,
    0xc0, 0x21, 0x0, 0x28, 0x1, 0x40, 0x23, 0x28,
    0x0, 0x13, 0x89, 0x80, 0x7d, 0xe, 0x20, 0xc2,
    0x1e, 0x1, 0xf0, 0xb0, 0x3, 0x4c, 0x4, 0x3,
    0xf4, 0x8, 0x18, 0x87, 0xa0, 0x6, 0x20, 0x0,
    0x81, 0x30, 0x1, 0x34, 0x3, 0x9, 0x80, 0x48,
    0xe0, 0x2, 0x41, 0x0, 0x85, 0x80, 0x22, 0xd0,
    0xa, 0xa0, 0x2, 0x3d, 0x0, 0x91, 0x80, 0x27,
    0x43, 0x0, 0x9, 0x80, 0x61, 0x0, 0xd9, 0xcc,
    0x0, 0x50, 0xf, 0xe1, 0xcc, 0x7f, 0x9, 0x80,
    0x7f, 0xd, 0x75, 0x50, 0x80, 0x0,

    /* U+6027 "性" */
    0x0, 0x19, 0x0, 0x72, 0x0, 0x7c, 0x3e, 0x1,
    0xd0, 0x60, 0x1e, 0x20, 0xf, 0x84, 0x3, 0xe6,
    0x0, 0x84, 0x1c, 0x80, 0x3e, 0x10, 0x1, 0x58,
    0x7, 0xff, 0x4, 0x58, 0x3, 0xf1, 0x83, 0x98,
    0x35, 0x0, 0x7e, 0x50, 0x68, 0x4d, 0x40, 0xf,
    0xc2, 0x3, 0x3a, 0x24, 0x0, 0x5a, 0xf3, 0x0,
    0x78, 0x0, 0xad, 0x6b, 0x14, 0xbb, 0x86, 0x3,
    0xe0, 0x10, 0xd4, 0xe2, 0x3a, 0x8, 0x1, 0xc4,
    0x2, 0x46, 0x30, 0xf, 0x89, 0x40, 0x21, 0x0,
    0xfe, 0x43, 0x0, 0xa, 0x0, 0x63, 0x88, 0x0,
    0x78, 0x4a, 0x73, 0x9, 0x5d, 0x80, 0x1c, 0x20,
    0xb, 0xdc, 0x49, 0x64, 0x0, 0xfc, 0x42, 0x1,
    0xff, 0xd7, 0x10, 0xf, 0x84, 0x91, 0x9e, 0xb7,
    0x88, 0x0, 0x42, 0x9f, 0x91, 0xb6, 0x53, 0xfe,
    0x20, 0x0, 0x82, 0x7e, 0xd4, 0xba, 0x99, 0x0,
    0x63, 0xd0, 0xf, 0xfe, 0x13, 0x80, 0x7f, 0xc0,

    /* U+60C5 "情" */
    0x0, 0xff, 0xe2, 0x88, 0x80, 0x34, 0x80, 0x7f,
    0x68, 0x6, 0x33, 0x0, 0x7c, 0x22, 0x0, 0xe3,
    0x0, 0xfc, 0xe0, 0x1f, 0x1a, 0x0, 0x7c, 0x2a,
    0xee, 0xcd, 0x8d, 0x0, 0xe6, 0x3, 0xc2, 0x6c,
    0xdb, 0x90, 0x8, 0xc1, 0xf0, 0xe5, 0x41, 0xa6,
    0xc0, 0x32, 0x81, 0x4a, 0x56, 0x30, 0x6c, 0x80,
    0x6e, 0x3, 0x54, 0xac, 0x76, 0x40, 0x69, 0x0,
    0x10, 0x0, 0x91, 0xe9, 0x37, 0x51, 0xde, 0x2a,
    0x40, 0x17, 0x87, 0x7e, 0xea, 0x20, 0xc2, 0x18,
    0x0, 0x2a, 0x14, 0x25, 0x8c, 0x0, 0x95, 0x0,
    0x36, 0x62, 0x4b, 0x54, 0x3, 0xfd, 0x94, 0xca,
    0x1, 0xff, 0x5e, 0xd8, 0x7, 0xff, 0x2, 0xf6,
    0x80, 0x3f, 0xf8, 0xb, 0x16, 0x1, 0xff, 0xc0,
    0x2c, 0x90, 0xf, 0xfe, 0x3, 0xa1, 0x0, 0x7c,
    0x20, 0x1f, 0xfc, 0x25, 0x30, 0x3, 0x0, 0xc0,
    0x80, 0x7c, 0x20, 0x1, 0x1, 0xbe, 0x10, 0xe,
    0x4d, 0x0, 0x58, 0x0, 0xe4, 0x80, 0x3c, 0xa0,
    0x6, 0x0, 0x9a, 0x0, 0x20,

    /* U+60F3 "想" */
    0x0, 0x84, 0x3, 0xff, 0x82, 0x72, 0x1, 0xff,
    0xc0, 0x22, 0x0, 0x10, 0x2, 0x40, 0xf, 0x10,
    0x3, 0x9, 0x62, 0xcc, 0x3, 0xf2, 0x4e, 0xe8,
    0xcc, 0x1, 0xc5, 0xc, 0xb7, 0xa, 0xe0, 0x14,
    0x67, 0x37, 0x28, 0x1, 0x4c, 0x3, 0x5f, 0x43,
    0xb1, 0x95, 0xe8, 0x8, 0x4, 0x65, 0x4f, 0x20,
    0x57, 0x6, 0x1, 0xc4, 0x88, 0x6, 0x2, 0x76,
    0x0, 0xea, 0x80, 0x92, 0x25, 0x93, 0x80, 0x63,
    0xd0, 0x9, 0x6, 0x54, 0x40, 0x35, 0xa8, 0x6,
    0x66, 0x4e, 0x20, 0x83, 0x48, 0x10, 0x6, 0x1d,
    0xd7, 0x8, 0x38, 0x81, 0x88, 0x2, 0x1d, 0x4,
    0xc0, 0x2, 0x0, 0x1a, 0x2, 0xc0, 0x9, 0x98,
    0x1, 0xa, 0x38, 0x17, 0x48, 0x1, 0x75, 0x0,
    0xa, 0xec, 0x60, 0xc2, 0x4, 0x13, 0x40, 0xc,
    0x23, 0xb0, 0x4, 0x2, 0x1, 0x20, 0x1, 0x4,
    0x31, 0x80, 0x23, 0x30, 0x58, 0x2b, 0x0, 0x10,
    0x60, 0x0, 0xc8, 0x2, 0xd, 0xe0, 0x13, 0xf7,
    0x1d, 0x70, 0x2, 0x35, 0x0, 0xcd, 0x9d, 0x8,
    0x1, 0xfe, 0x29, 0xef, 0x0, 0x0,

    /* U+610F "意" */
    0x0, 0xff, 0xe4, 0xa1, 0x80, 0x7f, 0xf0, 0x53,
    0xc8, 0x3, 0xff, 0x83, 0x6e, 0x0, 0x20, 0xf,
    0x84, 0x93, 0xf2, 0xb3, 0xd0, 0x3, 0x16, 0xd4,
    0x96, 0xed, 0x9a, 0x80, 0x18, 0xb6, 0xf1, 0x15,
    0xf0, 0x3, 0xfc, 0xb2, 0xb, 0x20, 0x2, 0x50,
    0xe, 0x10, 0x16, 0xa8, 0xcc, 0x4e, 0x8, 0x5e,
    0xea, 0xaf, 0x4f, 0xef, 0x31, 0x72, 0x21, 0x19,
    0x88, 0x97, 0x51, 0x5b, 0x50, 0xc, 0x62, 0x2e,
    0xcd, 0xc8, 0xc0, 0x60, 0xf, 0x9f, 0x37, 0x2a,
    0x4, 0x80, 0x3e, 0x17, 0x9b, 0xe9, 0x1, 0x0,
    0xf9, 0xca, 0xaf, 0xa4, 0x3, 0xf9, 0x90, 0x15,
    0xe5, 0xc0, 0x3f, 0x25, 0xd8, 0x89, 0x5e, 0x1,
    0xe3, 0x1a, 0xa9, 0x54, 0x64, 0x60, 0x1c, 0x82,
    0x20, 0x2e, 0x50, 0x3, 0xc0, 0x6, 0xd0, 0x2,
    0x7, 0x48, 0x1a, 0xd, 0x0, 0x8, 0x41, 0x7c,
    0x4a, 0x1, 0x42, 0x50, 0x1, 0x46, 0x0, 0x8a,
    0x4, 0x3, 0x30, 0x50, 0x3, 0x2c, 0x0, 0x7f,
    0x8c, 0x63, 0x20, 0x80, 0x4, 0x30, 0x9, 0x37,
    0xfa, 0xd0, 0x3, 0xfc, 0x33, 0xbf, 0xc0, 0x10,

    /* U+6210 "成" */
    0x0, 0xf9, 0x0, 0x3f, 0xf8, 0x5c, 0xa0, 0x80,
    0x1f, 0xf6, 0x90, 0x1b, 0x80, 0x7f, 0x84, 0x81,
    0xe8, 0x40, 0x3f, 0x88, 0x2, 0x91, 0x0, 0xe4,
    0x0, 0x9c, 0xc0, 0xe, 0x1, 0xec, 0x0, 0x9b,
    0x6b, 0x79, 0x80, 0x39, 0x2b, 0x32, 0x9, 0xdd,
    0x30, 0x7, 0xa3, 0x31, 0x24, 0x60, 0x1f, 0x9c,
    0x80, 0x23, 0x0, 0x10, 0x7, 0xf0, 0x80, 0x69,
    0x0, 0xf0, 0x89, 0x7c, 0x80, 0x25, 0x20, 0xc,
    0x29, 0x44, 0x5c, 0xd2, 0x40, 0x18, 0xa6, 0xdd,
    0x83, 0x5e, 0x9c, 0x3, 0x98, 0x80, 0x6, 0x9,
    0x14, 0x1, 0xe2, 0x60, 0x2e, 0x1, 0x6, 0x0,
    0xf7, 0x18, 0x31, 0x4, 0x30, 0x80, 0xc, 0x3,
    0x29, 0x1b, 0x2e, 0x7b, 0x80, 0x14, 0x0, 0x7e,
    0xb1, 0x8e, 0x8, 0x8a, 0x0, 0x8, 0x2, 0xdc,
    0x31, 0xdc, 0xa0, 0xa, 0x80, 0xe0, 0x10, 0x10,
    0x6a, 0x30, 0x9, 0x91, 0x94, 0x1a, 0x40, 0x26,
    0x0, 0xed, 0xb2, 0x2, 0x10, 0xf, 0xe1, 0xd4,
    0x0,

    /* U+6211 "我" */
    0x0, 0xff, 0xe4, 0x32, 0x0, 0x7f, 0xf0, 0x16,
    0x80, 0x3f, 0xc3, 0x64, 0xa0, 0xe0, 0x1f, 0xe,
    0x80, 0x4, 0x6, 0x40, 0x39, 0x75, 0x6c, 0x40,
    0xc, 0xa0, 0x10, 0xc0, 0x68, 0x80, 0x77, 0x0,
    0x43, 0xa, 0x1, 0xe3, 0xa5, 0x0, 0xf0, 0x9b,
    0xa6, 0x57, 0x30, 0x0, 0xda, 0x75, 0x2c, 0x97,
    0x25, 0x8c, 0x0, 0xbd, 0x5c, 0xb0, 0xa6, 0x20,
    0xe0, 0x13, 0x41, 0x98, 0x0, 0xbe, 0x41, 0x20,
    0x1f, 0x1c, 0xb9, 0xb3, 0x40, 0x1c, 0x30, 0x12,
    0x4d, 0x9b, 0x0, 0x11, 0x4e, 0xe1, 0x80, 0x9,
    0xbc, 0x3, 0x40, 0x62, 0x0, 0x46, 0x48, 0x1,
    0xaa, 0x40, 0x30, 0xca, 0x90, 0x0, 0x80, 0x3c,
    0x31, 0x55, 0x0, 0x10, 0x0, 0x26, 0x60, 0x79,
    0x2, 0x31, 0xe, 0x0, 0xd, 0xc8, 0x30, 0x5,
    0xf4, 0x4, 0x1, 0x40, 0x78, 0x6, 0x43, 0xb7,
    0x0, 0xd4, 0x60, 0x1d, 0x18, 0x42, 0x1, 0xa,
    0x0, 0x79, 0xf4, 0x40,

    /* U+6216 "或" */
    0x0, 0xf9, 0x0, 0x3f, 0xf8, 0x45, 0x4, 0x20,
    0x1f, 0xf2, 0x91, 0x29, 0xc0, 0x3f, 0xc2, 0x61,
    0x56, 0x1, 0xfe, 0x20, 0x0, 0xf0, 0x7, 0xfc,
    0x60, 0x4f, 0x42, 0x1, 0x84, 0xd6, 0x29, 0x76,
    0x73, 0x6, 0x0, 0x9e, 0xda, 0x3c, 0xb5, 0xdb,
    0x96, 0x20, 0x4, 0xf6, 0x4b, 0x20, 0x98, 0x0,
    0x40, 0x38, 0x88, 0x0, 0xa0, 0xd, 0x0, 0x1c,
    0x7d, 0x98, 0x40, 0xc, 0x86, 0x1, 0x85, 0x73,
    0x8, 0x2, 0x22, 0x63, 0x0, 0xfc, 0x61, 0xc5,
    0x5e, 0x1, 0xf8, 0x84, 0x9, 0x4d, 0x0, 0x3c,
    0x99, 0xc0, 0x5, 0xbc, 0x0, 0xf0, 0xb6, 0x62,
    0x0, 0x41, 0xc0, 0x3c, 0x3e, 0x0, 0x34, 0x41,
    0x88, 0x0, 0xc0, 0x32, 0x2d, 0x2a, 0x76, 0xb0,
    0x1, 0x40, 0x7, 0x38, 0x74, 0xd1, 0x3, 0xc1,
    0x1, 0x4, 0xdf, 0xc6, 0x4, 0xd2, 0xf, 0xa0,
    0xe0, 0x4e, 0x60, 0x1, 0x1a, 0x80, 0x10, 0xa9,
    0x40, 0x3c, 0xce, 0x1, 0xa4, 0x48, 0x3, 0xc8,
    0x1, 0xeb, 0x60,

    /* U+6218 "战" */
    0x0, 0xf0, 0x98, 0x7, 0xe6, 0x30, 0x0, 0xe9,
    0x0, 0x7c, 0xbc, 0x1, 0x19, 0x80, 0x3e, 0x26,
    0x0, 0x98, 0x60, 0x40, 0x38, 0x48, 0x2, 0x10,
    0xbc, 0x10, 0xf, 0xf8, 0xd1, 0x40, 0x3e, 0x20,
    0xd, 0xe, 0x1, 0xc9, 0x9e, 0xc6, 0x1, 0x38,
    0x7, 0x3e, 0x6b, 0x1, 0x3f, 0xf0, 0x7, 0x18,
    0x1, 0x11, 0xe3, 0xd4, 0x1, 0xf3, 0x72, 0xdb,
    0x20, 0x6, 0x20, 0x9, 0x2b, 0x44, 0x31, 0x0,
    0x25, 0x12, 0x8f, 0x6, 0xe0, 0x56, 0x0, 0xaf,
    0x4b, 0xd0, 0x8, 0x8b, 0x44, 0x1, 0x2e, 0x4a,
    0xf0, 0xb, 0xf3, 0x80, 0x7c, 0x22, 0x0, 0xb4,
    0x3, 0xf3, 0x90, 0x19, 0x18, 0x0, 0x80, 0x30,
    0xe0, 0x2, 0x33, 0x0, 0x4, 0x0, 0x1e, 0x68,
    0xbc, 0xc1, 0x0, 0x87, 0x0, 0x1b, 0x31, 0x29,
    0x46, 0x15, 0x0, 0x20, 0x7, 0x0, 0x94, 0xc0,
    0x6, 0x4c, 0x40, 0x8, 0x0, 0x88, 0x3, 0x55,
    0xa1, 0x1, 0x80, 0x7e, 0x1d, 0x80,

    /* U+6240 "所" */
    0x0, 0xff, 0xe5, 0x32, 0x80, 0x73, 0x80, 0x70,
    0x81, 0x40, 0x0, 0x40, 0x11, 0x4, 0x0, 0xce,
    0x5d, 0xaa, 0xe, 0x12, 0x7a, 0x80, 0x1b, 0x2f,
    0xc, 0x1, 0x93, 0xb6, 0x40, 0x1c, 0x32, 0x1,
    0x9a, 0x50, 0x3, 0xfc, 0x20, 0x7, 0x0, 0xff,
    0xa, 0x53, 0x80, 0x7f, 0xf0, 0x2b, 0x1, 0x40,
    0x38, 0xe1, 0x0, 0x35, 0xc1, 0x10, 0x1a, 0xb7,
    0xa4, 0x3, 0x84, 0x3, 0x86, 0x75, 0x2a, 0x10,
    0x3, 0xf9, 0x8c, 0x3, 0xf0, 0xc5, 0xa1, 0x9,
    0x80, 0x7f, 0xd, 0xdb, 0x48, 0x9c, 0x1, 0xfc,
    0x66, 0x0, 0x98, 0x80, 0x3f, 0x84, 0x3, 0x6b,
    0x80, 0x7e, 0x2d, 0x0, 0xc2, 0x40, 0x1f, 0x9d,
    0x0, 0x21, 0xe0, 0xf, 0xf0, 0x80, 0x52, 0xc0,
    0x10, 0x80, 0x7f, 0x10, 0x8, 0x7, 0xe3, 0x70,
    0xa, 0xe0, 0x2, 0x30, 0xe, 0x52, 0x0, 0x35,
    0x80, 0x62, 0x10, 0xc, 0xe0, 0x1, 0x42, 0x0,
    0xc3, 0x80, 0x18, 0x40, 0x2, 0x40, 0x1e, 0x60,
    0x8,

    /* U+624B "手" */
    0x0, 0xff, 0x10, 0x7, 0xff, 0x4, 0xb2, 0x0,
    0x3f, 0xc5, 0x38, 0xd4, 0x1, 0xf9, 0x6f, 0xf3,
    0xa0, 0x80, 0x38, 0xe2, 0x8e, 0x85, 0x0, 0x3f,
    0xa6, 0x98, 0x5c, 0x40, 0x3f, 0x18, 0x80, 0x42,
    0x0, 0x12, 0x0, 0xfe, 0x26, 0x8c, 0xf9, 0x0,
    0xe4, 0x9c, 0xd9, 0x1d, 0xee, 0x58, 0x7, 0x37,
    0xf6, 0xdb, 0xa9, 0x0, 0x7c, 0x4c, 0x40, 0x1f,
    0xfc, 0x72, 0x47, 0xbc, 0x10, 0x8, 0x51, 0xe5,
    0x3b, 0xaf, 0xd8, 0x4, 0xde, 0xdd, 0x6, 0xaf,
    0x65, 0x43, 0x20, 0xa7, 0x73, 0x25, 0xd0, 0x40,
    0x3f, 0x18, 0x7, 0xff, 0x8c, 0x40, 0x2, 0x1,
    0xff, 0xc0, 0x90, 0xf, 0xfe, 0x8, 0xed, 0x30,
    0x7, 0xff, 0x1, 0x8, 0xc0, 0x3f, 0xf8, 0x30,
    0xe0, 0x1f, 0xfc, 0x29, 0x0, 0xf8,

    /* U+628A "把" */
    0x0, 0x90, 0x3, 0xff, 0x85, 0xe4, 0x1, 0xff,
    0xc1, 0x10, 0x0, 0x80, 0x71, 0x80, 0x71, 0x90,
    0x30, 0x0, 0x96, 0x30, 0xc0, 0x3e, 0xdb, 0xdf,
    0x2c, 0x33, 0x0, 0x7e, 0xad, 0x77, 0x23, 0x80,
    0x79, 0x60, 0x4, 0x3, 0x8, 0x0, 0xab, 0x1c,
    0xb0, 0x3, 0x84, 0x80, 0x5, 0x18, 0x8e, 0x80,
    0x1c, 0x5e, 0x1, 0x10, 0x7, 0xf3, 0x8, 0x7,
    0x8a, 0x1, 0xe9, 0x7a, 0x44, 0x3, 0x86, 0xa0,
    0x6, 0x7b, 0x98, 0xe0, 0x10, 0xdb, 0x40, 0x1,
    0x8c, 0x40, 0x39, 0x7f, 0xce, 0x1, 0xff, 0x36,
    0xa0, 0x7, 0xff, 0x0, 0xcc, 0x1, 0xff, 0x8,
    0x80, 0x3f, 0xf8, 0x26, 0xa0, 0x1e, 0x30, 0xf,
    0x84, 0xc, 0x3, 0xfe, 0x12, 0x6, 0x40, 0xb,
    0xd8, 0x3, 0x9b, 0x81, 0x7d, 0xc0, 0xc, 0x37,
    0x98, 0xdf, 0xa0, 0xa, 0x0, 0x33, 0xde, 0x6e,
    0x7f, 0xa4, 0x0, 0x72, 0x1, 0xe1, 0x10, 0x4,

    /* U+653F "政" */
    0x0, 0xff, 0x30, 0x7, 0xff, 0xe, 0xc8, 0x3,
    0xff, 0x86, 0x40, 0x1f, 0xfc, 0x26, 0x0, 0xfe,
    0x36, 0x9e, 0x72, 0x30, 0xf, 0xe, 0xea, 0xa9,
    0xbe, 0xed, 0xc0, 0x1e, 0x1d, 0xd4, 0xb2, 0x8,
    0x1a, 0x80, 0x4, 0x40, 0x1f, 0xed, 0x25, 0x9e,
    0x80, 0xf, 0xf3, 0xee, 0x8f, 0xe4, 0x2, 0x32,
    0x0, 0x1b, 0x8d, 0x64, 0x20, 0x7, 0x17, 0x0,
    0xc8, 0xb9, 0x81, 0x20, 0x7, 0xb, 0x80, 0xd3,
    0x71, 0x83, 0xf8, 0x7, 0x84, 0x3, 0x77, 0x3,
    0x10, 0x3, 0xf1, 0x81, 0xa6, 0x19, 0x84, 0x3,
    0xc6, 0x1, 0x19, 0x2f, 0xe0, 0x7, 0xfc, 0x68,
    0xe, 0x80, 0x1f, 0xc7, 0x2c, 0x86, 0x34, 0x1,
    0xfa, 0x4e, 0x14, 0x22, 0xc8, 0x40, 0x31, 0xca,
    0x6c, 0x88, 0x37, 0xf, 0xc8, 0x6, 0x92, 0xc4,
    0x0, 0x1f, 0x28, 0x2a, 0x84, 0x2, 0xab, 0x10,
    0x0, 0xd4, 0x0, 0x4b, 0x8a, 0x1, 0xe2, 0x99,
    0x0, 0x6a, 0x4d, 0x50, 0xe, 0x48, 0x0, 0xe2,
    0x98, 0x50,

    /* U+6570 "数" */
    0x0, 0xc4, 0x60, 0x11, 0x98, 0x3, 0xf8, 0xbc,
    0x4, 0x1, 0xe0, 0x1f, 0x8, 0x1, 0x42, 0x1,
    0xd4, 0x3, 0xe7, 0x30, 0x9, 0xc8, 0x9e, 0x1,
    0xf3, 0x70, 0x1, 0x24, 0x85, 0x40, 0x3f, 0x20,
    0x0, 0xdc, 0x38, 0xc0, 0x3f, 0x59, 0x95, 0xed,
    0x18, 0x4, 0x40, 0x15, 0xec, 0xf0, 0x46, 0x50,
    0xac, 0xf7, 0x90, 0x2, 0xf6, 0x99, 0x86, 0x24,
    0xfa, 0x7b, 0xa2, 0x0, 0xd1, 0x4, 0x9, 0x7f,
    0x8d, 0xb0, 0xe, 0x31, 0x19, 0xd7, 0x1c, 0x3a,
    0x80, 0x30, 0xd4, 0x2e, 0x87, 0x9, 0x81, 0x10,
    0x3, 0x4c, 0x82, 0xd5, 0x99, 0x7e, 0x1, 0xe2,
    0x80, 0x15, 0x3c, 0x33, 0x7a, 0xe0, 0x6, 0x39,
    0xbf, 0x2b, 0x77, 0x2, 0xda, 0x0, 0x61, 0xc9,
    0x7b, 0x84, 0x0, 0x11, 0x98, 0x3, 0x94, 0x84,
    0x17, 0x0, 0x8, 0x64, 0x1, 0xe1, 0x14, 0x7a,
    0x80, 0x3a, 0xa8, 0x1, 0xe1, 0x9e, 0x47, 0x3,
    0x24, 0x40, 0x7, 0xec, 0xfb, 0x49, 0x80, 0x56,
    0x0, 0xf4, 0x40, 0x73, 0xb8, 0x0, 0xc9, 0x61,
    0x0, 0x9e, 0x88, 0xf, 0xd0, 0x0, 0xa9, 0xf2,
    0x0, 0x67, 0x20, 0x26, 0x50, 0xd, 0x73, 0x0,
    0x6, 0x0, 0x89, 0x40, 0x3f, 0x80,

    /* U+6587 "文" */
    0x0, 0xf1, 0x80, 0x7f, 0xf0, 0x90, 0xc0, 0x3f,
    0xf8, 0x2d, 0xa4, 0x1, 0xff, 0xc0, 0x14, 0x70,
    0xf, 0xfe, 0xf, 0x38, 0x7, 0xff, 0x5, 0x8,
    0xd, 0xac, 0xc0, 0x31, 0x23, 0xcd, 0xef, 0x47,
    0xe3, 0x80, 0xf, 0xfb, 0x46, 0xa9, 0xa7, 0x72,
    0xe8, 0x0, 0x3f, 0xc9, 0x63, 0x12, 0x30, 0xf,
    0xe8, 0x70, 0x2, 0x48, 0x7, 0xf4, 0x68, 0x3,
    0x14, 0x3, 0xfd, 0xca, 0xc, 0x40, 0x1f, 0xe4,
    0xc4, 0xb0, 0xf, 0xfe, 0x5, 0x51, 0x80, 0x3f,
    0xf8, 0x2, 0x1, 0xff, 0xc2, 0x8d, 0x80, 0xf,
    0xf9, 0x48, 0xc5, 0x0, 0x3f, 0x87, 0xe0, 0x22,
    0x0, 0x1f, 0xd1, 0x60, 0x15, 0x48, 0x7, 0xd3,
    0x62, 0x1, 0x33, 0xb8, 0x3, 0xc, 0xd9, 0x0,
    0x74, 0x43, 0x64, 0x8d, 0xa4, 0x80, 0x3c, 0xd5,
    0xd0, 0x46, 0xe0, 0x1f, 0xca, 0x62, 0x0,

    /* U+65AF "斯" */
    0x0, 0xf2, 0x0, 0x7f, 0x89, 0xc0, 0x1c, 0x40,
    0x1f, 0xc5, 0x40, 0x3, 0x10, 0xd, 0x68, 0x1,
    0x98, 0x2, 0x20, 0x40, 0x50, 0x40, 0xc, 0x20,
    0x1d, 0x8b, 0xb6, 0x1, 0xc2, 0x8e, 0x99, 0x28,
    0x10, 0x1, 0xe, 0x73, 0x19, 0x3e, 0x4b, 0xa8,
    0x6, 0x1d, 0xe7, 0x72, 0x80, 0x80, 0x80, 0x78,
    0x40, 0x8, 0xe0, 0x1f, 0x18, 0x6, 0x63, 0x30,
    0x4, 0x29, 0x1b, 0xc8, 0x1, 0x33, 0xa0, 0x4,
    0xe6, 0x6c, 0xd4, 0x0, 0x86, 0x28, 0x2, 0x67,
    0x20, 0xf, 0xb2, 0xc, 0x3, 0x8, 0x7, 0x89,
    0x8, 0x3, 0xff, 0x80, 0x66, 0x64, 0xea, 0x20,
    0xe, 0x6b, 0xd1, 0xb3, 0xee, 0x4f, 0x0, 0x72,
    0x7e, 0xc4, 0xc, 0xc0, 0xaa, 0x0, 0xe2, 0x40,
    0x83, 0x7a, 0xf, 0x30, 0xf, 0x8d, 0xc8, 0x75,
    0x4c, 0x3, 0xf4, 0x68, 0x83, 0x6f, 0x0, 0x4,
    0x3, 0x44, 0x88, 0x0, 0x41, 0x0, 0x4, 0x1,
    0x2d, 0x10, 0x4, 0x94, 0x1, 0x38, 0x4, 0xa4,
    0x1, 0xc4, 0x1, 0x50, 0x80, 0x7e, 0x40, 0xc,
    0xe0, 0x10,

    /* U+65B0 "新" */
    0x0, 0xc8, 0x1, 0xff, 0xc4, 0x80, 0xf, 0x90,
    0x3, 0xc8, 0xa2, 0x0, 0x10, 0x1, 0xd9, 0x0,
    0x7a, 0xc4, 0x67, 0x5, 0xfc, 0x20, 0x8, 0x4d,
    0xbe, 0xf2, 0x46, 0x77, 0xc, 0x3, 0x4c, 0x82,
    0xba, 0x20, 0x1b, 0x0, 0x1e, 0x8e, 0x43, 0x31,
    0x0, 0x7f, 0xc9, 0x21, 0xcc, 0x0, 0x70, 0xf,
    0xe2, 0xe, 0x6, 0xf0, 0x8, 0xe1, 0x0, 0x6,
    0xa1, 0x57, 0x5e, 0x7f, 0xbd, 0x5e, 0x0, 0x3f,
    0x2d, 0x1d, 0xb9, 0x3f, 0xd4, 0x97, 0x40, 0x3c,
    0x74, 0x0, 0xc2, 0x40, 0x1f, 0xf3, 0xdd, 0x18,
    0x80, 0x7d, 0x1b, 0x8c, 0x51, 0x40, 0x1f, 0xd5,
    0xf8, 0xe8, 0x60, 0x1f, 0xe2, 0xa2, 0x5, 0x80,
    0xf, 0xf9, 0x40, 0x8, 0x2e, 0x60, 0x1f, 0x9a,
    0x8, 0x1, 0x1f, 0x80, 0x1f, 0xf, 0x28, 0x4,
    0x3e, 0x80, 0x1f, 0x34, 0x28, 0x80, 0x5e, 0x20,
    0x1, 0x0, 0xcc, 0xb, 0xac, 0xb, 0x60, 0x13,
    0x80, 0x61, 0x0, 0x78, 0x0, 0x8c, 0x3, 0xfe,
    0x3e, 0x47, 0x0, 0xd4, 0x1, 0xf8, 0x90, 0x3,
    0x98, 0x2,

    /* U+65B9 "方" */
    0x0, 0xf1, 0x0, 0x7f, 0xf0, 0x94, 0x80, 0x3f,
    0xf8, 0x2b, 0x0, 0x1f, 0xfc, 0x12, 0x43, 0x0,
    0xff, 0xe0, 0xa0, 0x7, 0xff, 0xb, 0x8c, 0x0,
    0x71, 0x0, 0x8, 0x49, 0x1a, 0x3b, 0x3b, 0x7c,
    0x84, 0x47, 0xfd, 0xd8, 0x45, 0xbd, 0xb9, 0x52,
    0x27, 0xdf, 0x95, 0x18, 0xe2, 0x1, 0xf0, 0x80,
    0x63, 0xb0, 0x1, 0x0, 0x7f, 0xbc, 0xc0, 0xfd,
    0x40, 0x3f, 0x8a, 0x7a, 0xd, 0x80, 0x3f, 0xdf,
    0xd6, 0xa6, 0x1, 0xf9, 0xc, 0x80, 0x44, 0x1,
    0xfd, 0xb6, 0x0, 0x5d, 0x0, 0xfe, 0x53, 0x0,
    0x19, 0x80, 0x3f, 0x35, 0x80, 0x5a, 0xa0, 0x1f,
    0xb5, 0xc0, 0x26, 0x10, 0xf, 0x9b, 0x80, 0xc0,
    0x98, 0x3, 0xe1, 0xf5, 0x1, 0xaa, 0x60, 0x7,
    0xd1, 0x0, 0x1, 0x1b, 0xb8, 0x3, 0xd3, 0x2,
    0x1, 0x5a, 0x88, 0x7, 0x2c, 0x88, 0x6, 0x2a,
    0x0, 0xf0,

    /* U+65E0 "无" */
    0x0, 0xfe, 0x15, 0x20, 0xc, 0x26, 0x8d, 0x15,
    0xbf, 0x36, 0x1, 0x93, 0xba, 0x1d, 0xd7, 0x64,
    0x80, 0x65, 0xda, 0x8c, 0xc0, 0x7, 0xff, 0x0,
    0xb8, 0x3, 0xff, 0x81, 0xce, 0x1, 0xff, 0xc0,
    0x22, 0x0, 0x12, 0x20, 0x1, 0x9, 0xab, 0xad,
    0xee, 0xa0, 0x80, 0x43, 0x7a, 0x37, 0xd0, 0xff,
    0x72, 0xa0, 0x43, 0x7e, 0xe3, 0x70, 0x10, 0x3,
    0xfd, 0x88, 0x8, 0x1, 0xfe, 0x22, 0x1, 0x80,
    0x7f, 0x11, 0x0, 0x3f, 0xf8, 0x15, 0xa0, 0x20,
    0x18, 0xc0, 0x39, 0x10, 0x1, 0xe6, 0x10, 0x9,
    0xac, 0x3, 0xf1, 0x0, 0x5a, 0xe0, 0x1f, 0xa,
    0x80, 0x27, 0xc0, 0x21, 0x20, 0xd, 0xc0, 0x9c,
    0x80, 0x17, 0x7a, 0x19, 0xb5, 0xb, 0x1c, 0x3,
    0x35, 0xfc, 0x48, 0x40, 0xc0, 0x7, 0x9e, 0xed,
    0x52, 0x80,

    /* U+65E5 "日" */
    0x21, 0x0, 0xe5, 0x0, 0x20, 0x12, 0x3c, 0xd3,
    0x1d, 0x6c, 0xe8, 0x61, 0x30, 0xae, 0xdc, 0xba,
    0xb0, 0x7, 0xff, 0x4c, 0x52, 0x44, 0x40, 0x4,
    0xdd, 0x70, 0x90, 0x4, 0x9b, 0x95, 0x6, 0x1,
    0xff, 0xc5, 0x13, 0x0, 0xf8, 0xc4, 0x3, 0xe1,
    0xf0, 0xe, 0x14, 0x61, 0x1, 0x7a, 0xde, 0x99,
    0x18, 0x10, 0xc6, 0x7e, 0xa3, 0x1, 0xa1, 0x8,
    0x2, 0x88, 0x1, 0x0, 0x18, 0x84, 0x0,

    /* U+65F6 "时" */
    0x0, 0xfe, 0x41, 0x0, 0xff, 0xe0, 0xe8, 0x7,
    0xff, 0x1, 0x48, 0x3, 0xe2, 0x0, 0xc2, 0xa0,
    0x10, 0xa8, 0x1f, 0x28, 0x7, 0xe1, 0xbd, 0x90,
    0x70, 0xf, 0xe4, 0xda, 0x62, 0x0, 0xc2, 0x1,
    0xff, 0xc3, 0x61, 0x0, 0xf8, 0x96, 0x13, 0x74,
    0x80, 0x1d, 0x9d, 0x3b, 0xa5, 0xdb, 0x50, 0x6b,
    0xc0, 0xcf, 0xb8, 0x51, 0x0, 0xcd, 0x58, 0x0,
    0x25, 0x0, 0xf8, 0xc4, 0x4, 0xe, 0x0, 0x3f,
    0xf8, 0x2e, 0x80, 0x1e, 0x30, 0xe, 0xd5, 0x0,
    0xff, 0xe0, 0x38, 0x80, 0x79, 0xab, 0x58, 0x3,
    0x8, 0x7, 0xc, 0xe9, 0x80, 0x7f, 0x98, 0xc2,
    0x80, 0x3f, 0xde, 0x0, 0x40, 0x3, 0x20, 0x18,
    0x6, 0x40, 0xe, 0x6f, 0x80, 0xf, 0xfe, 0x5,
    0x38, 0x80, 0x7f, 0xc3, 0x7a, 0x1, 0x0,

    /* U+660E "明" */
    0x0, 0xf8, 0x80, 0x3f, 0xf8, 0xa, 0x1, 0x30,
    0x0, 0xc0, 0x4, 0x0, 0xb7, 0x9c, 0x93, 0xa,
    0x57, 0xf7, 0x0, 0xe, 0xe8, 0xcc, 0x9, 0xa2,
    0xea, 0xe, 0xc8, 0x2e, 0x0, 0x48, 0x62, 0x30,
    0xf, 0xf8, 0x44, 0x1, 0x8, 0x7, 0xf9, 0x6f,
    0x54, 0x2, 0x5b, 0xb0, 0x4, 0x97, 0x8a, 0x1,
    0x35, 0x58, 0x0, 0x4c, 0x3, 0xc6, 0x20, 0x11,
    0x88, 0x7, 0xfc, 0xc2, 0xb4, 0x82, 0x1, 0x84,
    0x0, 0x46, 0x6e, 0x50, 0x9, 0xf6, 0x8c, 0x3a,
    0x59, 0x4, 0x0, 0x49, 0xb6, 0x40, 0x46, 0x1,
    0xc4, 0x40, 0x4, 0x80, 0x7f, 0x48, 0x0, 0x4f,
    0xc0, 0x3e, 0x10, 0xa, 0xd4, 0x2, 0x13, 0x0,
    0xe3, 0xd0, 0x0, 0x88, 0x3, 0xea, 0x50, 0x0,
    0xda, 0x80, 0x74, 0x40, 0x3, 0x4d, 0xf0, 0x4,
    0xd4, 0x20, 0x18, 0xd4, 0x80, 0x26, 0x20, 0xf,
    0x42, 0x0,

    /* U+662F "是" */
    0x0, 0xff, 0x84, 0x3, 0xf9, 0x0, 0x22, 0x6f,
    0x10, 0xf, 0xdb, 0x17, 0x90, 0x26, 0x20, 0x1f,
    0xd9, 0x59, 0x4a, 0x80, 0x1f, 0xc2, 0x82, 0x24,
    0x1, 0x0, 0xff, 0x56, 0x6e, 0x9f, 0x80, 0x3f,
    0xd1, 0x98, 0x91, 0x30, 0xf, 0xf1, 0x80, 0x7,
    0x0, 0x3f, 0xc3, 0x17, 0xb4, 0x20, 0x1f, 0xee,
    0xca, 0xdb, 0x95, 0x0, 0xfe, 0x75, 0x10, 0x1,
    0x2c, 0x63, 0x0, 0x62, 0x46, 0x9b, 0xdc, 0x8d,
    0xf9, 0x50, 0x1, 0xff, 0x68, 0x6d, 0x36, 0x54,
    0x3a, 0x98, 0x0, 0xff, 0x24, 0x90, 0x40, 0x3f,
    0xf8, 0x3e, 0x20, 0x3, 0x7d, 0x60, 0xf, 0xcc,
    0x20, 0xb4, 0x3c, 0xc0, 0x1f, 0x2d, 0x80, 0x16,
    0x58, 0xc0, 0x3f, 0x7e, 0x20, 0x7, 0xff, 0x1,
    0x3e, 0x8e, 0x80, 0x3f, 0xed, 0x50, 0x79, 0x66,
    0x0, 0x7e, 0x88, 0x0, 0x47, 0x98, 0xd5, 0x0,
    0xe5, 0xc1, 0x0, 0xc3, 0x57, 0x5f, 0xec, 0x40,
    0x14, 0x0, 0xf9, 0xb5, 0xf7, 0x10,

    /* U+6700 "最" */
    0x0, 0xff, 0xe3, 0x20, 0x7, 0xa5, 0x0, 0x3c,
    0xf0, 0xf5, 0x9b, 0x8e, 0x20, 0x1e, 0x12, 0x24,
    0xee, 0xb1, 0x54, 0x1, 0xe3, 0xc5, 0x24, 0xa4,
    0x10, 0xf, 0xd1, 0x96, 0x5c, 0xa0, 0x1f, 0x85,
    0xb2, 0x9d, 0x49, 0x80, 0x3e, 0x15, 0xac, 0xc5,
    0x52, 0xc4, 0x3, 0xc2, 0xf1, 0x98, 0xb9, 0x71,
    0x21, 0x0, 0xeb, 0x22, 0x2b, 0xcd, 0xef, 0xd8,
    0x1c, 0xd6, 0x65, 0xfa, 0x3b, 0x5b, 0xaa, 0x3,
    0xc9, 0x5d, 0xc4, 0x86, 0x41, 0xa1, 0x0, 0x94,
    0xcc, 0xa6, 0x7, 0x39, 0x68, 0x60, 0x1c, 0x9a,
    0x0, 0x3d, 0xca, 0x42, 0x0, 0xe7, 0x82, 0x0,
    0x70, 0x27, 0x0, 0x79, 0xf1, 0xc0, 0x12, 0xd8,
    0x80, 0x1e, 0x7c, 0x63, 0x83, 0xf1, 0x0, 0xfc,
    0x52, 0xd0, 0x2, 0x1, 0xf1, 0x3c, 0x41, 0x40,
    0x2, 0x44, 0x0, 0xd3, 0xf5, 0x41, 0x0, 0x3c,
    0x43, 0x80, 0x35, 0xe2, 0x0, 0xc, 0x84, 0x44,
    0xba, 0xc4, 0x4, 0x20, 0x1, 0x6a, 0x60, 0x5,
    0xa0, 0x7, 0xc2, 0xb0, 0x1, 0x14, 0xb1, 0x0,
    0x7a, 0x40, 0x3f, 0x0,

    /* U+6708 "月" */
    0x0, 0xff, 0xe1, 0x8a, 0x80, 0x62, 0xc0, 0xc,
    0x3c, 0xf3, 0x9d, 0x82, 0x1, 0xcc, 0x3b, 0xdc,
    0xf7, 0x0, 0xe6, 0x62, 0x10, 0x7, 0xff, 0x2d,
    0x10, 0x1, 0xf2, 0xe6, 0x38, 0x84, 0x3, 0xcb,
    0x98, 0xa6, 0x0, 0xf8, 0x80, 0x3f, 0xc2, 0x20,
    0x8, 0x40, 0x3c, 0x64, 0xf5, 0xf4, 0x1, 0xe6,
    0x11, 0x4f, 0xd8, 0x7, 0x8e, 0x18, 0xc0, 0x3f,
    0x71, 0x80, 0x7f, 0x8c, 0x3, 0xfc, 0x64, 0x1,
    0xfe, 0xa9, 0x0, 0xfe, 0x2e, 0x10, 0x8, 0xc8,
    0x3, 0x5b, 0x80, 0x63, 0x87, 0x30, 0x7b, 0x0,
    0xf5, 0xc8, 0x83, 0x10, 0x7, 0x86, 0xb0, 0x0,

    /* U+6709 "有" */
    0x0, 0xff, 0xe6, 0x38, 0x7, 0xff, 0xf, 0x58,
    0x3, 0xff, 0x84, 0xec, 0x1, 0xff, 0xc1, 0x34,
    0x0, 0xff, 0xe1, 0x5d, 0x0, 0x5, 0x1e, 0x80,
    0x31, 0x1a, 0xbb, 0x7e, 0x62, 0xb4, 0x3c, 0x40,
    0x17, 0xf2, 0x5c, 0xd9, 0x95, 0xcb, 0xa8, 0x80,
    0x2f, 0x69, 0xca, 0x0, 0x21, 0x0, 0xfe, 0x33,
    0x0, 0x9, 0x75, 0x40, 0x3f, 0x42, 0xee, 0xa7,
    0x1, 0xc0, 0x3e, 0x5c, 0x7d, 0xd5, 0xca, 0x98,
    0x7, 0x87, 0x9c, 0x2, 0x10, 0xf, 0xeb, 0x90,
    0x68, 0xcf, 0x60, 0xf, 0x9f, 0x88, 0x1e, 0xf7,
    0x98, 0xc0, 0x39, 0x45, 0x0, 0x4, 0x62, 0x30,
    0x8, 0x6, 0x36, 0x0, 0x96, 0x6f, 0x18, 0x3,
    0xcc, 0x1, 0x9a, 0xed, 0xae, 0x1, 0xff, 0x11,
    0x0, 0x3f, 0xf8, 0x22, 0x1, 0xff, 0xc4, 0xf0,
    0x2, 0x88, 0x7, 0xf9, 0x40, 0x24, 0xa6, 0x0,
    0xfe, 0x11, 0x0, 0x7, 0x48, 0x3, 0xf9, 0x54,
    0x1, 0x33, 0x80, 0x7f, 0x8c, 0x3, 0x48, 0x6,

    /* U+671D "朝" */
    0x0, 0xff, 0xe3, 0x30, 0x7, 0xff, 0x4, 0x54,
    0x2, 0x10, 0xf, 0xe6, 0x0, 0x9c, 0x0, 0xc2,
    0x1, 0xbc, 0x40, 0x2d, 0x8a, 0x94, 0x0, 0x88,
    0x97, 0xb4, 0xf, 0x90, 0xa8, 0x15, 0x96, 0xd5,
    0xb4, 0xc, 0x84, 0x62, 0x15, 0x92, 0xa6, 0x40,
    0x1f, 0xcc, 0x24, 0xfe, 0xc0, 0x10, 0x80, 0x6d,
    0xa3, 0x27, 0x70, 0x26, 0xd8, 0x6, 0x3b, 0x84,
    0x1, 0x4, 0xda, 0x0, 0xc3, 0x39, 0x66, 0x1,
    0xfe, 0xbc, 0xa0, 0x8, 0xc0, 0x3e, 0x16, 0xa7,
    0x11, 0x2d, 0x50, 0x3, 0x2d, 0x52, 0x78, 0x49,
    0x26, 0xc0, 0x34, 0xc9, 0x8c, 0x0, 0xf6, 0x62,
    0x1, 0x94, 0x9a, 0x32, 0xcc, 0xc0, 0x19, 0xf7,
    0x52, 0x3b, 0xd6, 0x1, 0xe7, 0xfd, 0xb7, 0x52,
    0x1, 0x0, 0x8c, 0x0, 0x40, 0x1c, 0x88, 0x0,
    0xfe, 0x10, 0x6, 0x10, 0x28, 0x7, 0xcc, 0x9,
    0xa0, 0x13, 0x88, 0x7, 0x8, 0x62, 0x80, 0x17,
    0x54, 0x3, 0xa4, 0xe0, 0x3, 0x5a, 0x80, 0x72,
    0x98, 0x7, 0xd, 0x80,

    /* U+671F "期" */
    0x0, 0xf3, 0x0, 0x7f, 0x1b, 0x0, 0x31, 0x0,
    0x3f, 0x1d, 0x80, 0x9, 0x81, 0x0, 0x4, 0x1,
    0x98, 0x2, 0x30, 0xc1, 0x4e, 0x50, 0x8, 0x40,
    0x2, 0xa4, 0x4a, 0xc0, 0x40, 0x13, 0x68, 0xb7,
    0xf4, 0x3a, 0x86, 0x11, 0x6d, 0x5, 0xd9, 0x2d,
    0x80, 0x38, 0x72, 0x58, 0xc0, 0x38, 0x40, 0x3e,
    0x7a, 0x0, 0xd7, 0xa2, 0x1, 0x84, 0xac, 0x3,
    0x56, 0x88, 0x6, 0x25, 0x10, 0xc, 0x20, 0x1e,
    0x38, 0xb0, 0x8, 0xc0, 0x3f, 0x5d, 0x80, 0x23,
    0x27, 0x0, 0xe3, 0x30, 0x6, 0x28, 0x10, 0xf,
    0xa, 0x3e, 0x60, 0xa9, 0x8c, 0x16, 0x2d, 0x28,
    0xe7, 0x70, 0x40, 0x33, 0xed, 0x4d, 0x92, 0x9,
    0x70, 0x6, 0x25, 0x19, 0x17, 0x80, 0x44, 0x0,
    0x79, 0x50, 0x49, 0xb, 0x88, 0x3, 0xdd, 0x20,
    0xb, 0x1f, 0x4, 0x3, 0x0, 0x3c, 0x0, 0x4c,
    0xac, 0xf, 0x22, 0x6, 0x70, 0x4, 0x23, 0x1,
    0xf2, 0x1, 0xa0, 0x6, 0x36, 0x0, 0x9d, 0x40,
    0x3e, 0x31, 0x0, 0xd4, 0x0,

    /* U+672C "本" */
    0x0, 0xff, 0xe6, 0x38, 0x7, 0xff, 0xe, 0x84,
    0x3, 0xff, 0x84, 0xc2, 0x1, 0xff, 0xc2, 0x10,
    0xf, 0xfe, 0x19, 0x80, 0x7f, 0xf2, 0x10, 0x3,
    0xf8, 0x88, 0xd1, 0x7d, 0x2a, 0x1, 0x25, 0x66,
    0x5c, 0x99, 0x75, 0xda, 0xa0, 0x12, 0x76, 0xe6,
    0x19, 0x8, 0xc4, 0x3, 0xe4, 0x10, 0x10, 0x2d,
    0x30, 0xf, 0xfa, 0x64, 0xb, 0x60, 0x1f, 0xe1,
    0x23, 0x0, 0x78, 0x80, 0x7f, 0x4c, 0x80, 0x26,
    0x90, 0xf, 0xc4, 0x26, 0x1, 0x8, 0xc0, 0x1f,
    0x44, 0x80, 0x75, 0x40, 0x7, 0x9e, 0x0, 0x95,
    0x2f, 0xdd, 0x10, 0x1, 0x94, 0xc7, 0x2c, 0xda,
    0xbd, 0x2a, 0xe5, 0x1, 0x1, 0xf, 0x25, 0x88,
    0x40, 0xd, 0x3a, 0xe0, 0x5, 0x0, 0xfe, 0x16,
    0x43, 0x4, 0x0, 0xf1, 0x80, 0x7f, 0xf0, 0xc4,
    0x3, 0xff, 0x84, 0x40, 0x1f, 0xfc, 0x32, 0xd0,
    0xf, 0x80,

    /* U+673A "机" */
    0x0, 0xca, 0x1, 0xff, 0xc3, 0xe2, 0x0, 0xff,
    0xe1, 0x9, 0x80, 0x18, 0x0, 0x20, 0x1f, 0xc2,
    0x0, 0xf0, 0x2a, 0x50, 0xf, 0xf8, 0xf6, 0x18,
    0x40, 0x3f, 0xe3, 0xca, 0x74, 0x0, 0xfc, 0x90,
    0x1, 0x84, 0x3, 0x92, 0x71, 0x77, 0x84, 0x4,
    0x3, 0xe4, 0xdd, 0x4, 0xb0, 0x98, 0x0, 0x40,
    0x3c, 0x8a, 0x10, 0x1, 0xff, 0xc1, 0xc3, 0xf9,
    0x0, 0xff, 0xe0, 0x13, 0x39, 0x80, 0x7f, 0xc7,
    0x80, 0xb, 0x0, 0xff, 0xad, 0x80, 0x2, 0x1,
    0xff, 0x78, 0x7, 0x18, 0x7, 0xe6, 0x60, 0x6,
    0x2e, 0x0, 0xe1, 0x0, 0x84, 0x3, 0x21, 0x80,
    0x72, 0x0, 0x18, 0x3, 0xb1, 0x0, 0x38, 0xc0,
    0x3e, 0x10, 0xf, 0x84, 0x80, 0x30, 0x83, 0x48,
    0x7, 0xbd, 0x80, 0x33, 0x7, 0x98, 0x5, 0xfd,
    0x8c, 0x40, 0x19, 0x9e, 0x40, 0x32, 0xf7, 0x31,
    0x80, 0x34, 0x38, 0x80, 0x78, 0x88, 0x0,

    /* U+6765 "来" */
    0x0, 0xff, 0xe4, 0x93, 0x0, 0x7f, 0xf0, 0x4a,
    0x8, 0x3, 0xff, 0x82, 0x44, 0x0, 0xff, 0xe0,
    0xb8, 0x7, 0xff, 0x8, 0x44, 0x8f, 0xa4, 0x1,
    0x89, 0x1e, 0x71, 0x2b, 0x46, 0x4c, 0x3, 0x47,
    0xd, 0x62, 0x5c, 0x82, 0x8, 0x6, 0xaa, 0x11,
    0x80, 0x43, 0x0, 0x1f, 0xb4, 0x40, 0x24, 0x80,
    0xf, 0xd9, 0x0, 0x61, 0xac, 0x1, 0xf9, 0x0,
    0x39, 0x1f, 0x18, 0x3, 0x12, 0x5, 0x3d, 0x89,
    0x94, 0x20, 0x2, 0x3a, 0xb, 0x58, 0x8e, 0x5d,
    0x50, 0x80, 0x11, 0xd4, 0xee, 0x56, 0x2, 0x0,
    0xff, 0x44, 0x2, 0x6c, 0x3, 0xf9, 0xb4, 0x40,
    0x44, 0x60, 0x1f, 0xe, 0x30, 0x5, 0x3e, 0x1,
    0xf4, 0x58, 0x6, 0x14, 0x60, 0xe, 0x7b, 0x10,
    0xe, 0x98, 0x40, 0x9, 0xd0, 0x80, 0x3c, 0x2d,
    0x76, 0x66, 0x21, 0x80, 0x44, 0x1, 0xa7, 0x25,
    0x98, 0x60, 0x19, 0x80, 0x30, 0x99, 0x0, 0x7c,
    0x86, 0x1, 0xff, 0xc2, 0x80, 0xf, 0x80,

    /* U+6797 "林" */
    0x0, 0x84, 0x40, 0x19, 0x80, 0x3f, 0xda, 0x1,
    0xac, 0x40, 0x3f, 0x9, 0x0, 0x66, 0x10, 0xf,
    0xe4, 0x0, 0xc2, 0x1, 0xfe, 0x30, 0xc, 0x60,
    0x1f, 0xfd, 0x63, 0x0, 0xf8, 0xd9, 0x80, 0x65,
    0x5b, 0xe8, 0x1, 0x34, 0xe3, 0x89, 0xec, 0xa4,
    0x6e, 0x20, 0x6, 0xa8, 0x77, 0x2e, 0xf0, 0x8,
    0x7, 0x98, 0xf1, 0xc, 0x1, 0xa8, 0x80, 0xf,
    0xc4, 0xfe, 0x80, 0x65, 0xe0, 0x1f, 0x1e, 0x4,
    0x72, 0x78, 0x69, 0x80, 0x7a, 0x9c, 0x13, 0xb5,
    0x41, 0x2c, 0x3, 0x84, 0x60, 0x3, 0x70, 0x0,
    0x48, 0x3, 0x9a, 0x40, 0x2a, 0x70, 0xb, 0x1c,
    0x2, 0x11, 0x80, 0x5, 0xa0, 0x19, 0xe4, 0x80,
    0xe, 0xc0, 0x12, 0xa8, 0x3, 0x9, 0x6c, 0x83,
    0x0, 0x65, 0x0, 0xf6, 0x7c, 0x80, 0x61, 0x11,
    0x0, 0x46, 0x1, 0xfc, 0xa0, 0x1c, 0xc0, 0x1f,
    0xce, 0x1, 0x84, 0x3, 0xfc, 0x78, 0x1, 0xd,
    0x80, 0x7f, 0x90, 0x3, 0x38, 0x7, 0x80,

    /* U+679C "果" */
    0x0, 0xff, 0xe4, 0x28, 0x7, 0x16, 0x20, 0x7,
    0xd8, 0x8f, 0x59, 0x88, 0x27, 0x0, 0xf8, 0x8c,
    0xc3, 0x98, 0xa5, 0x30, 0xf, 0x85, 0xd0, 0x40,
    0x21, 0x0, 0xff, 0x8, 0x9a, 0x98, 0xc0, 0x3f,
    0xa7, 0x58, 0xe5, 0xc0, 0x3f, 0x8e, 0x71, 0xd4,
    0xc4, 0x3, 0xff, 0x82, 0x26, 0xc4, 0x1, 0xf8,
    0xa6, 0xd2, 0xa8, 0x3c, 0x1, 0xfd, 0xb6, 0x97,
    0x2e, 0xa0, 0x1f, 0xbd, 0x0, 0x38, 0xde, 0xc4,
    0x3, 0x99, 0x19, 0xef, 0x31, 0x3f, 0xa6, 0x0,
    0x7d, 0xe9, 0xcd, 0x21, 0xcc, 0x54, 0x31, 0x0,
    0x1f, 0xb9, 0x70, 0xb, 0xea, 0x1, 0xf8, 0xc0,
    0x11, 0xe0, 0xbe, 0x20, 0x1f, 0xc6, 0x28, 0x0,
    0x88, 0x0, 0x7e, 0x18, 0x90, 0x8, 0x85, 0x40,
    0x3e, 0xb9, 0x0, 0xe8, 0x82, 0x0, 0x74, 0xc1,
    0x0, 0x7a, 0xed, 0x92, 0x3, 0x10, 0x20, 0x9,
    0xc0, 0x26, 0xbe, 0x90, 0x18, 0x10, 0xc, 0x60,
    0x19, 0x8, 0x3, 0xfa, 0x40, 0x3f, 0xf8, 0x6e,
    0x1, 0xf8,

    /* U+6837 "样" */
    0x0, 0xc4, 0x1, 0xf1, 0x80, 0x7d, 0x24, 0x0,
    0x30, 0xb, 0xc4, 0x3, 0xc2, 0xc0, 0x5, 0x30,
    0x1, 0x0, 0x7c, 0x6a, 0x0, 0x7e, 0x2, 0x71,
    0x0, 0xf8, 0x40, 0x2, 0x22, 0x4a, 0x0, 0xff,
    0xe0, 0x49, 0x71, 0x88, 0x80, 0x3c, 0x4c, 0x20,
    0xcc, 0x4c, 0xc3, 0x0, 0x12, 0x6d, 0xe0, 0x63,
    0x66, 0xff, 0x35, 0xc0, 0xb, 0xb6, 0x54, 0xf3,
    0xb4, 0xe6, 0x1, 0xc2, 0x82, 0x6a, 0x1, 0xe4,
    0x30, 0xe, 0x71, 0xc9, 0x15, 0x84, 0xce, 0x40,
    0xe, 0xc7, 0x94, 0x1d, 0xd2, 0xe5, 0x38, 0x6,
    0x3c, 0x0, 0x70, 0x42, 0x88, 0x7, 0xd4, 0xc0,
    0x3, 0x0, 0xc2, 0x91, 0x84, 0x5, 0x80, 0x11,
    0x34, 0xda, 0xee, 0xbe, 0xc, 0x15, 0x40, 0x1b,
    0xb6, 0x97, 0x25, 0xd0, 0x49, 0x0, 0x31, 0x42,
    0x8, 0x7, 0x88, 0xc0, 0x3f, 0xfa, 0xc6, 0x1,
    0xff, 0xc3, 0x40, 0xe, 0x60, 0xf, 0xe3, 0x0,
    0xe1, 0x0, 0xfe, 0x80, 0xe, 0x50, 0xf, 0xe5,
    0x0, 0xe9, 0x0, 0xe0,

    /* U+6B63 "正" */
    0x0, 0xff, 0x1c, 0x18, 0x6, 0x14, 0x68, 0xac,
    0xee, 0x8e, 0xc0, 0x3a, 0x3f, 0xa4, 0x3f, 0xb6,
    0xe0, 0x3, 0xe, 0x4b, 0x18, 0x28, 0x7, 0xff,
    0x5, 0xd0, 0x3, 0xff, 0x98, 0x20, 0x1f, 0xfc,
    0x24, 0x70, 0xf, 0xfe, 0xb, 0xd0, 0x4, 0x6d,
    0x7c, 0x40, 0x1e, 0x70, 0xa, 0x47, 0xb0, 0x80,
    0x38, 0xc0, 0x35, 0x3a, 0x90, 0x7, 0xff, 0xfc,
    0x3, 0xff, 0x86, 0x66, 0x0, 0xc6, 0x28, 0xcc,
    0x9b, 0xcf, 0xce, 0x13, 0xef, 0xc7, 0xee, 0x56,
    0x7f, 0x73, 0xf4, 0x4f, 0x3f, 0xb2, 0xa1, 0xd5,
    0x8, 0x40, 0x20,

    /* U+6B64 "此" */
    0x0, 0xf8, 0x50, 0x3, 0xfc, 0x20, 0x1, 0x92,
    0x0, 0xfe, 0x56, 0x0, 0x8, 0x80, 0x3f, 0x96,
    0x0, 0xe, 0x40, 0x1f, 0xc2, 0xa0, 0x10, 0x80,
    0x7f, 0x84, 0x3, 0xff, 0x9a, 0x28, 0x1, 0xfc,
    0xc0, 0x10, 0xd0, 0x80, 0x7c, 0xb8, 0x1, 0x88,
    0x40, 0x4, 0x40, 0xa, 0xc, 0x3, 0x30, 0x1,
    0x39, 0x40, 0x12, 0xb2, 0x1, 0xf2, 0x63, 0x8b,
    0xc, 0x0, 0x7f, 0xcc, 0x10, 0x1, 0xff, 0xc0,
    0x76, 0x0, 0xff, 0xea, 0x88, 0x7, 0xc6, 0xc0,
    0x1c, 0x80, 0x1c, 0x4e, 0xac, 0x1, 0xc4, 0x1,
    0xaa, 0x31, 0x80, 0x3d, 0xc0, 0x76, 0x9f, 0x42,
    0x1, 0xf2, 0x80, 0x8b, 0xd4, 0x3, 0xb, 0x0,
    0x8, 0xb5, 0x8, 0x7, 0x4d, 0x7f, 0xb4, 0x80,
    0x3f, 0x8f, 0x3f, 0xec, 0x20,

    /* U+6C11 "民" */
    0x0, 0xff, 0xe1, 0x28, 0x7, 0xd2, 0x1, 0xb0,
    0x4d, 0x62, 0xb3, 0x5c, 0x40, 0x36, 0xc9, 0x6c,
    0x66, 0xa0, 0x80, 0x6d, 0xa7, 0x52, 0x0, 0x18,
    0x7, 0xff, 0x28, 0x4d, 0xcc, 0x3, 0x9a, 0x73,
    0x6a, 0x81, 0xc0, 0x1c, 0x35, 0x95, 0xf2, 0xe8,
    0x1, 0xcc, 0x60, 0x44, 0x0, 0xff, 0x9c, 0x40,
    0x22, 0x50, 0xf, 0xe, 0x45, 0xef, 0x78, 0x80,
    0x23, 0x31, 0x2f, 0x95, 0xb9, 0x42, 0x0, 0x9d,
    0xca, 0x54, 0x10, 0xe, 0x31, 0x10, 0x3, 0x14,
    0x3, 0xfe, 0x5f, 0x0, 0xff, 0xe0, 0x19, 0x0,
    0x8, 0x80, 0x1a, 0x0, 0x11, 0x0, 0x8, 0x40,
    0x29, 0x90, 0x0, 0x71, 0xc0, 0xc, 0x0, 0x9c,
    0x10, 0x9, 0xb1, 0xc0, 0xc1, 0x8d, 0x40, 0x3a,
    0xf3, 0xbc, 0x45, 0x60, 0x1f, 0x5b, 0x10, 0xe8,
    0x80, 0x7e, 0xa9,

    /* U+6C34 "水" */
    0x0, 0xf9, 0x40, 0x3f, 0xf8, 0x50, 0x40, 0x1f,
    0xfc, 0x11, 0x0, 0xff, 0xe1, 0x90, 0x7, 0xff,
    0x5, 0xc0, 0x3f, 0xf8, 0xe4, 0x1, 0xfc, 0xe0,
    0x10, 0xd8, 0x7, 0xe1, 0x4, 0x0, 0x3a, 0x0,
    0x70, 0xac, 0xd0, 0x60, 0x2, 0xbc, 0x2, 0x7e,
    0xa2, 0xc, 0x70, 0x3, 0x49, 0x0, 0x4f, 0xf6,
    0xe6, 0xa1, 0xab, 0xea, 0x1, 0xc2, 0x0, 0x72,
    0x5, 0x89, 0x0, 0xfc, 0x8a, 0x1, 0x38, 0x7,
    0xf6, 0xd0, 0x5, 0x88, 0x1, 0xf8, 0x88, 0x1,
    0x3e, 0x80, 0x7c, 0xfe, 0x0, 0x70, 0x12, 0x0,
    0xf0, 0xea, 0x0, 0x76, 0x30, 0x7, 0x4d, 0x80,
    0x79, 0x6c, 0x3, 0x26, 0x88, 0x7, 0x88, 0x5c,
    0x0, 0x44, 0x50, 0x13, 0x7, 0x0, 0xaa, 0x6d,
    0x5d, 0x80, 0x3, 0x6e, 0xe0, 0x9, 0xba, 0xd5,
    0x40, 0x1a, 0x2c, 0x3, 0xff, 0x85, 0xaa, 0x1,
    0xff, 0xc1, 0x19, 0x0, 0xf8,

    /* U+6CA1 "没" */
    0x0, 0xf8, 0x40, 0x3f, 0xa0, 0x40, 0x26, 0x2,
    0xd2, 0x0, 0xe9, 0xc3, 0x0, 0x46, 0xc8, 0x10,
    0x7, 0xd, 0xd8, 0x0, 0x7b, 0x6e, 0x1, 0xf3,
    0x60, 0x1, 0xc0, 0x3f, 0xe4, 0x2, 0x20, 0x0,
    0x40, 0x31, 0x90, 0x4, 0x6d, 0xe0, 0x1f, 0x1f,
    0x28, 0x20, 0xe2, 0x0, 0x1c, 0x4c, 0xc0, 0xe,
    0xa0, 0x22, 0xc0, 0x5, 0xce, 0x90, 0x1, 0x40,
    0x89, 0xa4, 0x2, 0xbc, 0xda, 0x0, 0x9c, 0x3c,
    0xc, 0x96, 0x3e, 0x0, 0x3c, 0x98, 0x7f, 0xdb,
    0xa0, 0x80, 0xf, 0x62, 0x2c, 0x64, 0x3b, 0x8,
    0x7, 0x8c, 0x1, 0xa6, 0x15, 0xc0, 0x1e, 0x13,
    0x0, 0x54, 0xa, 0xa8, 0x3, 0xc9, 0xe0, 0x17,
    0xe5, 0x0, 0x72, 0x7, 0xa0, 0x4, 0xa6, 0x60,
    0xe, 0x6c, 0x42, 0x0, 0xae, 0xd0, 0x1, 0xc5,
    0x2a, 0x1, 0x46, 0xac, 0xd0, 0x7, 0x2c, 0x80,
    0x1c, 0x1c, 0x15, 0xa8, 0xc0, 0x31, 0x4, 0xc,
    0x0, 0x5e, 0xbb, 0x64, 0x0, 0x29, 0xa6, 0x0,
    0xc7, 0xdc, 0xb2, 0x0, 0x14, 0x90, 0x7, 0x84,
    0x2,

    /* U+6CD5 "法" */
    0x0, 0xff, 0xe5, 0xd0, 0x7, 0xff, 0x8, 0x4c,
    0x3, 0xe8, 0x0, 0xe1, 0x20, 0xf, 0xab, 0x4,
    0x3, 0x8, 0x7, 0xc4, 0x88, 0x0, 0x8c, 0x3,
    0xfa, 0x44, 0x3, 0x89, 0xc4, 0x3, 0x85, 0x16,
    0x29, 0xf2, 0x3d, 0x40, 0x6, 0x80, 0x11, 0x74,
    0x26, 0x54, 0x20, 0x0, 0xfa, 0x0, 0x9d, 0x88,
    0x3, 0xf5, 0x28, 0x20, 0x7, 0xff, 0x2, 0x40,
    0x3f, 0x1b, 0xc0, 0x4, 0x83, 0xeb, 0x14, 0x9b,
    0x94, 0x1c, 0x1, 0x90, 0x73, 0x64, 0xf7, 0x25,
    0xd8, 0x3, 0x6c, 0x4a, 0xb3, 0x0, 0x3f, 0x84,
    0x2, 0xf9, 0x10, 0xf, 0x8f, 0xc0, 0x2, 0x4,
    0x86, 0x1, 0xeb, 0x40, 0x4, 0xc0, 0x2c, 0x0,
    0x66, 0x4, 0x20, 0x0, 0x90, 0x3, 0xa4, 0x2,
    0x2b, 0x70, 0x4, 0xd9, 0xb4, 0xfb, 0x18, 0x1,
    0x1f, 0x2, 0x1b, 0x60, 0x2e, 0x99, 0x0, 0x29,
    0x50, 0x99, 0x75, 0xb1, 0x5, 0x18, 0x4, 0xa4,
    0x2, 0xc2, 0x1, 0x8d, 0x0, 0x0,

    /* U+70B9 "点" */
    0x0, 0xe3, 0x20, 0xf, 0xf8, 0x7c, 0x3, 0xfe,
    0x26, 0x0, 0xff, 0xe0, 0x8, 0x7, 0xff, 0x0,
    0xc0, 0x7, 0x2a, 0x1, 0xf3, 0xe6, 0x24, 0x40,
    0x3f, 0x26, 0x62, 0xa1, 0x40, 0x3f, 0xf8, 0x82,
    0xa0, 0x1d, 0x2, 0x1, 0x87, 0x9e, 0x53, 0x74,
    0xea, 0x1, 0xce, 0x55, 0xfb, 0xa3, 0x40, 0xe,
    0x55, 0x18, 0x80, 0x1c, 0x3, 0xff, 0x98, 0x22,
    0x0, 0xf2, 0xc4, 0xde, 0xfa, 0x10, 0x7, 0xe,
    0xea, 0x73, 0xb8, 0x40, 0x11, 0x12, 0xd5, 0x8,
    0x40, 0x90, 0x2, 0x60, 0x66, 0x0, 0x18, 0xb,
    0x84, 0x0, 0x66, 0xc, 0x0, 0x70, 0x87, 0x50,
    0x3, 0x4, 0xd, 0x43, 0x64, 0x11, 0x9c, 0xdc,
    0x3, 0x98, 0x80, 0x17, 0xd5, 0x60, 0xc, 0x50,
    0x39, 0x0, 0x3f, 0x63, 0x0, 0x14, 0x2, 0x30,
    0x0, 0xba, 0x88, 0x7, 0xfc,

    /* U+7136 "然" */
    0x0, 0xc2, 0x1, 0x18, 0x7, 0xfa, 0xc0, 0x26,
    0x70, 0xf, 0xe5, 0x0, 0x86, 0xc0, 0x3f, 0x12,
    0x80, 0x6b, 0x50, 0xf, 0x93, 0x80, 0x30, 0xbd,
    0x80, 0x7b, 0x10, 0x20, 0x44, 0x64, 0x24, 0x1,
    0xcf, 0x5a, 0xe6, 0x61, 0xe, 0x20, 0xc, 0x8b,
    0x18, 0xc4, 0x2e, 0x0, 0x20, 0xd, 0x80, 0x48,
    0x2b, 0x9f, 0x9e, 0x80, 0x10, 0xfe, 0xbe, 0x76,
    0xba, 0x65, 0xb0, 0x4, 0xfe, 0xa2, 0x6d, 0xd,
    0xc2, 0x1, 0xef, 0x42, 0xc0, 0x1, 0xbb, 0x0,
    0x62, 0x64, 0xcd, 0x70, 0x4c, 0x1e, 0x0, 0xc4,
    0x7, 0x82, 0x20, 0xc5, 0xe, 0x30, 0xf, 0x6c,
    0x80, 0x72, 0xc8, 0x7, 0x2e, 0x8, 0x3d, 0x0,
    0x9, 0xdc, 0x20, 0x2, 0x22, 0x80, 0x81, 0x0,
    0x51, 0xd2, 0x44, 0x57, 0x10, 0x87, 0x3, 0x0,
    0x3c, 0xc1, 0xb, 0x82, 0x87, 0x80, 0x10, 0x0,
    0xa0, 0x11, 0x82, 0xb0, 0x2a, 0x80, 0x98, 0x12,
    0x0, 0x37, 0x90, 0x17, 0x3, 0xd0, 0x1a, 0x90,
    0x1, 0xc8, 0x3, 0x89, 0xc0, 0x8, 0xa0, 0x14,
    0x80, 0x6, 0x0, 0x12, 0x0, 0xd5, 0x0, 0x38,
    0x80, 0x46, 0x0, 0x20, 0x2, 0x10, 0x0,

    /* U+7269 "物" */
    0x0, 0x88, 0x3, 0x10, 0x7, 0xe1, 0x80, 0xa,
    0x0, 0x3f, 0x1a, 0x80, 0x4e, 0x40, 0x1f, 0x9c,
    0x2, 0x12, 0x0, 0xf3, 0x80, 0x73, 0x0, 0x7d,
    0x62, 0x1, 0x1e, 0x80, 0x7c, 0xe2, 0x1, 0x32,
    0x0, 0x44, 0xe0, 0x26, 0x67, 0xc8, 0xd7, 0x69,
    0xcc, 0x58, 0x2a, 0xa8, 0x7a, 0xb, 0xb9, 0xf1,
    0x74, 0x7, 0xb2, 0xc4, 0x39, 0xfe, 0x33, 0x88,
    0x3, 0xc8, 0xfa, 0xc4, 0xa2, 0xe2, 0x60, 0x13,
    0x98, 0x80, 0xf1, 0x78, 0x9a, 0x0, 0xa2, 0xa0,
    0x7, 0x11, 0x40, 0x94, 0x84, 0x44, 0xb1, 0x10,
    0x6, 0x9f, 0xb0, 0xb, 0xd, 0x30, 0x2, 0x62,
    0xb0, 0x30, 0x1f, 0xf, 0x40, 0x9, 0xac, 0x3,
    0x33, 0x91, 0x80, 0x98, 0x7, 0x88, 0x81, 0x50,
    0xb, 0xc0, 0x1c, 0x60, 0xa5, 0xe0, 0x3, 0x30,
    0x6, 0x10, 0x20, 0xb7, 0x91, 0xd6, 0x0, 0xc4,
    0x60, 0xd4, 0x15, 0xac, 0x40, 0x18, 0x80, 0x8c,
    0xc0, 0x4a, 0xc0, 0x1c, 0x3a, 0x4a, 0x1, 0x5f,
    0x0, 0x79, 0x0, 0x38, 0x90, 0x0,

    /* U+7279 "特" */
    0x0, 0xc6, 0x40, 0x19, 0x80, 0x3f, 0x87, 0x0,
    0x35, 0x10, 0x7, 0xe2, 0x0, 0xe7, 0x20, 0xf,
    0xe5, 0x0, 0xc2, 0x1, 0xf0, 0xc0, 0x8, 0x7,
    0x91, 0x40, 0x31, 0xb0, 0x4, 0x51, 0x49, 0x7a,
    0x60, 0x19, 0x9c, 0x4, 0xb, 0x6d, 0x6e, 0x58,
    0x3, 0x10, 0xb2, 0xf3, 0x28, 0x80, 0x7e, 0xf1,
    0x34, 0xe6, 0x0, 0x91, 0xab, 0x44, 0x2, 0x95,
    0x0, 0x5e, 0xe0, 0xf9, 0xcf, 0x88, 0x3, 0x80,
    0x22, 0x9d, 0xca, 0xc0, 0x32, 0x0, 0x1a, 0x80,
    0x19, 0x8, 0x2, 0x10, 0x1, 0x0, 0x44, 0xc,
    0xec, 0x0, 0x24, 0xc9, 0xcc, 0x28, 0x18, 0x50,
    0xa, 0xee, 0x59, 0x9a, 0xb3, 0x94, 0xf, 0x7d,
    0x8d, 0x77, 0xe5, 0xfc, 0x80, 0x21, 0xd8, 0x50,
    0xc, 0x84, 0x1, 0xe1, 0xe5, 0x0, 0xe4, 0xa0,
    0xf, 0xfe, 0x11, 0xf0, 0x7, 0xf8, 0x40, 0x33,
    0x0, 0x7f, 0x88, 0x3, 0x10, 0x7, 0xf9, 0x84,
    0x2, 0x38, 0x10, 0xf, 0xce, 0x1, 0x87, 0x61,
    0xc0, 0x3e, 0x2b, 0x0, 0xca, 0x86, 0x1, 0xf8,
    0xc0, 0x3a, 0xc0, 0x30,

    /* U+73B0 "现" */
    0x0, 0xfc, 0x60, 0x12, 0x90, 0x7, 0xfa, 0xc5,
    0x66, 0xd4, 0x3, 0xe1, 0x81, 0x6a, 0xdc, 0x45,
    0x0, 0xc6, 0xf9, 0x5e, 0x69, 0x70, 0xa6, 0x60,
    0x8, 0xe8, 0xde, 0xdc, 0x80, 0x10, 0x1, 0xe3,
    0x94, 0x10, 0xe, 0x60, 0xf, 0xfe, 0x19, 0x0,
    0x4, 0x3, 0xf2, 0x80, 0x4e, 0x6, 0x1, 0xe5,
    0x7d, 0xe3, 0x0, 0x8, 0x7, 0xd9, 0xa3, 0xb6,
    0x60, 0x26, 0x1, 0xf6, 0x43, 0x0, 0x62, 0x10,
    0xf, 0xfe, 0x0, 0x89, 0x94, 0xd8, 0x3, 0xfc,
    0x63, 0xa8, 0xe0, 0x1f, 0xc3, 0x3, 0xc5, 0xcd,
    0x0, 0x1e, 0x16, 0x89, 0x35, 0x30, 0x2, 0x0,
    0x61, 0x8f, 0x99, 0x8, 0x35, 0x0, 0x63, 0x0,
    0x52, 0x62, 0x80, 0x7, 0x4c, 0x3, 0x39, 0x5,
    0xe1, 0x0, 0x53, 0x20, 0xf, 0x30, 0x7, 0x90,
    0xc, 0x0, 0x20, 0x11, 0x0, 0x71, 0x74, 0x0,
    0xe, 0xc, 0xb7, 0x80, 0x30, 0xdd, 0x0, 0x48,
    0x7f, 0xc5, 0x80, 0x19, 0xa4, 0x3, 0xa3, 0x31,
    0x68, 0x1, 0x9c, 0x3, 0xfe,

    /* U+7406 "理" */
    0x0, 0xff, 0xe0, 0x90, 0x7, 0xf3, 0x0, 0x5,
    0x1f, 0x4, 0x3, 0xf6, 0x5e, 0xfe, 0x81, 0x88,
    0x4, 0x29, 0x19, 0x61, 0x3a, 0xb2, 0xec, 0x1,
    0x15, 0x19, 0xb6, 0xc0, 0x80, 0x3f, 0x15, 0xb8,
    0x88, 0x3, 0x84, 0xc4, 0x3, 0xfc, 0xf4, 0xbb,
    0x46, 0x1, 0xfe, 0x38, 0x5c, 0x80, 0xe, 0x14,
    0x7d, 0x53, 0x42, 0x0, 0x18, 0x80, 0x6b, 0x36,
    0xd5, 0x0, 0xe6, 0xf0, 0xd, 0x4e, 0x20, 0x2,
    0x79, 0x4e, 0x9e, 0x0, 0xfe, 0x10, 0xd4, 0xed,
    0x90, 0xf, 0xc3, 0x2e, 0x80, 0x1f, 0xf3, 0xb8,
    0xc0, 0x3f, 0xe4, 0x74, 0x60, 0x13, 0x68, 0xce,
    0x10, 0x2, 0x67, 0x69, 0x86, 0xe4, 0x8e, 0x77,
    0x4, 0x1, 0xb5, 0x40, 0xb, 0x75, 0x4e, 0x84,
    0x1, 0xa5, 0x80, 0x3f, 0xf9, 0xc6, 0xc0, 0x1e,
    0x24, 0x67, 0xa4, 0xdd, 0x7e, 0x18, 0x6, 0x1e,
    0xe8, 0x7b, 0x9b, 0xac, 0xa3,

    /* U+751F "生" */
    0x0, 0xf8, 0xc0, 0x3f, 0xf8, 0x5c, 0x20, 0x1f,
    0xfc, 0x23, 0x0, 0xff, 0xe1, 0x10, 0x7, 0xf2,
    0x20, 0x0, 0x20, 0x1f, 0xf4, 0x0, 0x7f, 0xf0,
    0x4d, 0x40, 0x3f, 0xf8, 0x39, 0x60, 0x1c, 0x26,
    0x1, 0xe7, 0x20, 0x11, 0x3d, 0x77, 0x4, 0x3,
    0x18, 0xd6, 0xe8, 0xc6, 0x7f, 0x44, 0x3, 0x5c,
    0xfe, 0xe1, 0x31, 0x80, 0x7c, 0x28, 0xa0, 0x1f,
    0xf2, 0x68, 0x7, 0xff, 0x7, 0x50, 0x3, 0xc9,
    0x48, 0x1, 0x1e, 0x1, 0x2b, 0xd1, 0xef, 0x6b,
    0x80, 0x42, 0xa0, 0xde, 0x32, 0x7b, 0x4e, 0x60,
    0x11, 0x0, 0x12, 0x98, 0xc0, 0x3f, 0xfc, 0xc6,
    0x40, 0x18, 0x49, 0x18, 0xa6, 0xf3, 0xf3, 0x80,
    0x77, 0xfd, 0xdc, 0xf9, 0xcf, 0xef, 0xf6, 0x0,
    0xff, 0x73, 0x2a, 0x5d, 0x50, 0x80, 0x30,

    /* U+7528 "用" */
    0x0, 0x88, 0x3, 0xf3, 0x0, 0x65, 0x0, 0xc6,
    0xd3, 0xb2, 0x1, 0xb2, 0x6f, 0x7a, 0x83, 0x79,
    0x80, 0x3a, 0xa9, 0xa9, 0x2c, 0x84, 0x20, 0x18,
    0x4c, 0x40, 0x3c, 0x20, 0x1f, 0xfc, 0xa1, 0x59,
    0xa3, 0x0, 0xf1, 0x5e, 0x2e, 0xe4, 0x18, 0x7,
    0x8a, 0x71, 0x61, 0x48, 0x3, 0xf1, 0x0, 0x7f,
    0xf1, 0x51, 0x80, 0x3e, 0x25, 0x85, 0xde, 0x13,
    0x0, 0xfb, 0x71, 0x76, 0x9c, 0xc0, 0x30, 0x91,
    0x21, 0x0, 0x3f, 0x97, 0x80, 0x3f, 0xf8, 0x4,
    0xa0, 0x1f, 0xfc, 0xf, 0x30, 0xf, 0xf8, 0x40,
    0x39, 0xc0, 0x2, 0x1, 0x9a, 0xc0, 0x30, 0x80,
    0x20, 0x80, 0x2f, 0x20, 0x8, 0x40, 0x2b, 0xd1,
    0x5, 0x90, 0xc, 0x36, 0x0, 0x27, 0xf0, 0x51,
    0x0, 0xe6, 0x0, 0xa1, 0x0,

    /* U+7531 "由" */
    0x0, 0xc4, 0x40, 0xf, 0xf1, 0x78, 0x7, 0xfc,
    0x66, 0x0, 0xff, 0x19, 0x80, 0x3f, 0xc2, 0x1,
    0xff, 0xc6, 0x50, 0xc, 0xe0, 0x19, 0x0, 0x4,
    0x1, 0xc2, 0x6d, 0x6a, 0xd1, 0x9, 0xb4, 0xdd,
    0x50, 0x89, 0x1, 0xbb, 0x65, 0x37, 0x25, 0xd4,
    0x44, 0x8c, 0x84, 0x20, 0x1e, 0x30, 0xf, 0xfe,
    0x0, 0x80, 0x7e, 0x10, 0x10, 0x23, 0x57, 0x9c,
    0xd1, 0x30, 0x1, 0xa4, 0x68, 0x6f, 0xe1, 0x88,
    0x4, 0xd7, 0xc, 0x86, 0x2d, 0xe0, 0x1e, 0x10,
    0x8, 0x44, 0x0, 0x10, 0xf, 0x88, 0xc0, 0x3f,
    0xdc, 0x20, 0x7, 0x24, 0x67, 0xbd, 0xf7, 0x60,
    0x33, 0x4e, 0x8c, 0x7f, 0xc6, 0x40, 0x29, 0x72,
    0xea, 0x84, 0x16, 0x0, 0x2e, 0x0, 0xf9, 0x80,
    0x0,

    /* U+7535 "电" */
    0x0, 0xc6, 0x20, 0x1f, 0xfc, 0xd, 0x0, 0xff,
    0x8c, 0xc0, 0x1f, 0xfc, 0x4, 0x0, 0xff, 0xe0,
    0x8, 0x7, 0xe6, 0x0, 0xfa, 0x90, 0x2, 0xc2,
    0x46, 0x7a, 0xce, 0x53, 0x0, 0x9f, 0xfb, 0x83,
    0xdd, 0x23, 0x0, 0x4f, 0xb5, 0xc, 0x84, 0xe,
    0x20, 0x1f, 0xc4, 0xe, 0x1, 0xc2, 0x8c, 0x9b,
    0x88, 0x1, 0xe2, 0xf0, 0x5d, 0xe5, 0x20, 0xe,
    0x3b, 0x61, 0x0, 0x10, 0x80, 0x7f, 0xcf, 0xc0,
    0x18, 0x49, 0x19, 0xeb, 0x2b, 0x0, 0x33, 0xf7,
    0x43, 0x3d, 0xca, 0x0, 0xc5, 0x95, 0xe, 0x64,
    0x1, 0x10, 0x2, 0x40, 0x3f, 0x9c, 0x0, 0xe0,
    0x1f, 0xe2, 0x0, 0xff, 0xe0, 0x30, 0x7, 0xb,
    0x10, 0x88, 0xb0, 0xc0, 0x3a, 0x37, 0x3b, 0x98,
    0xa4,

    /* U+7684 "的" */
    0x0, 0xf8, 0x88, 0x1, 0xe2, 0x40, 0x8, 0xf8,
    0x3, 0xc7, 0x0, 0x11, 0x88, 0x7, 0x8a, 0xc0,
    0x26, 0x50, 0xf, 0x32, 0x80, 0x45, 0xa0, 0x1e,
    0x32, 0x0, 0xbd, 0x0, 0x31, 0x1, 0x80, 0x88,
    0xc, 0x40, 0xe, 0x26, 0xa6, 0xd5, 0x20, 0xcf,
    0x59, 0x4, 0x37, 0xe0, 0x78, 0x6c, 0x51, 0x8a,
    0x60, 0xf2, 0xdc, 0xeb, 0x4a, 0x40, 0x1f, 0x8,
    0xc0, 0x18, 0xc0, 0x3b, 0xc4, 0x9c, 0x0, 0x20,
    0x11, 0xb5, 0xa, 0xa8, 0xdc, 0xc, 0x40, 0xc,
    0x12, 0xe, 0x9, 0x22, 0x2e, 0x0, 0x2b, 0x18,
    0x8, 0x1, 0x5, 0x8c, 0x3, 0xfa, 0x0, 0x84,
    0x3, 0x8c, 0x2, 0x20, 0xf6, 0x0, 0x85, 0x1c,
    0x3, 0x88, 0xc0, 0xf, 0x58, 0x60, 0x1c, 0x22,
    0x1, 0x4b, 0x88, 0x0, 0x14, 0x80, 0x30, 0xe8,
    0x1, 0x80, 0xb, 0x8, 0x20, 0x13, 0x0, 0x7a,
    0xec, 0x40, 0x10, 0x80, 0x78, 0x62, 0xc0, 0x3f,
    0xe7, 0x30, 0x0,

    /* U+76F8 "相" */
    0x0, 0xc2, 0x1, 0xff, 0xc3, 0xa0, 0xf, 0xfe,
    0x8, 0xb8, 0x7, 0xff, 0x9, 0xc0, 0x2, 0x40,
    0x1f, 0xfc, 0x11, 0x40, 0x1, 0xd4, 0x0, 0x7f,
    0x5e, 0x62, 0x47, 0xc0, 0x3e, 0x10, 0x6c, 0xc5,
    0x62, 0x0, 0x44, 0xaf, 0x9e, 0x62, 0x1, 0x78,
    0x0, 0x76, 0x8, 0x37, 0x8c, 0x3, 0x84, 0x7,
    0x69, 0x0, 0x40, 0xc, 0xf7, 0x0, 0x60, 0x1a,
    0x82, 0x40, 0x23, 0xa8, 0x10, 0xe, 0x37, 0xca,
    0x6, 0x41, 0x0, 0xf3, 0x48, 0x2e, 0x0, 0x78,
    0x40, 0x2f, 0x30, 0x3, 0x0, 0x4a, 0x86, 0x1,
    0x35, 0x0, 0x72, 0x56, 0x80, 0x61, 0x11, 0x80,
    0x72, 0x54, 0x20, 0x80, 0x19, 0xc0, 0x3f, 0xf8,
    0x2a, 0x1, 0xff, 0xc2, 0x20, 0xf, 0xc2, 0x8a,
    0xe0, 0x1f, 0xc4, 0x95, 0x9a, 0x1, 0xe2, 0x0,
    0x8d, 0x2e, 0x20, 0xa0, 0x1f, 0xc3, 0xc0, 0x14,
    0x0, 0x71, 0x78, 0x4, 0x80, 0x10, 0x80,

    /* U+770B "看" */
    0x0, 0xff, 0x20, 0x80, 0x7f, 0xf0, 0x1e, 0xdc,
    0x3, 0xfc, 0xbb, 0xda, 0xc0, 0x1f, 0x9a, 0xed,
    0xf2, 0x40, 0x1e, 0x59, 0x91, 0x59, 0x30, 0x7,
    0xc2, 0xf3, 0x24, 0x1, 0x54, 0x89, 0x0, 0xc2,
    0x68, 0xf3, 0x87, 0x59, 0xd4, 0x1, 0xc7, 0xc3,
    0x57, 0x57, 0xc, 0x60, 0x1c, 0x54, 0xc7, 0x88,
    0x26, 0xd3, 0xbc, 0x40, 0x2, 0x47, 0xa4, 0xdd,
    0x50, 0xe7, 0xf1, 0x13, 0xa7, 0x8, 0x73, 0x72,
    0x55, 0x44, 0x0, 0x2e, 0xb8, 0x41, 0x31, 0x36,
    0xe8, 0x0, 0xfa, 0x1f, 0x2a, 0xcd, 0xac, 0x3,
    0xc7, 0xcf, 0x97, 0xa, 0x64, 0x1, 0xc3, 0x4e,
    0x8, 0xf9, 0x40, 0x20, 0x1d, 0x10, 0x6, 0x32,
    0xea, 0x30, 0xe, 0x8b, 0x10, 0x67, 0x50, 0x30,
    0xe, 0x6a, 0x20, 0x3, 0xd5, 0xcd, 0x0, 0x73,
    0x10, 0x4, 0xf5, 0x76, 0x90, 0xf, 0xfe, 0x11,
    0x8, 0x7, 0xf3, 0xd6, 0x6c, 0xb0, 0x7, 0xe2,
    0x18, 0xcd, 0xb4, 0x0, 0xfc, 0x54, 0x40, 0x14,
    0x0, 0x7f, 0x30, 0x6, 0x10, 0xc,

    /* U+7740 "着" */
    0x0, 0xe2, 0x0, 0xca, 0x1, 0xfc, 0xe8, 0x1,
    0x58, 0x7, 0xf2, 0xc8, 0x82, 0xb0, 0x7, 0xf9,
    0xd4, 0x3e, 0x0, 0x40, 0x3f, 0x60, 0x30, 0xd7,
    0x70, 0x80, 0x25, 0xde, 0xdd, 0x50, 0xf4, 0xff,
    0x88, 0x2, 0x5c, 0xed, 0xb5, 0x75, 0x21, 0x0,
    0xf0, 0x81, 0x2b, 0x56, 0xf9, 0x0, 0x79, 0x3a,
    0x39, 0x67, 0x78, 0x80, 0x3c, 0x9d, 0x41, 0x6,
    0x48, 0xf3, 0xa4, 0x4, 0x8c, 0xf2, 0x9b, 0xa9,
    0xd0, 0xc9, 0x30, 0xee, 0x9, 0x1d, 0xee, 0xae,
    0xcc, 0xa8, 0x21, 0x94, 0xea, 0xc8, 0x6d, 0x1f,
    0x0, 0x1f, 0x41, 0xdd, 0x6, 0x2e, 0x80, 0x78,
    0x85, 0x6e, 0x5d, 0x3d, 0xc0, 0x3d, 0x10, 0x19,
    0xcc, 0x3f, 0x88, 0x7, 0x3f, 0x8, 0xab, 0x35,
    0xc4, 0xc0, 0x31, 0x82, 0x0, 0x5, 0x65, 0x4c,
    0x40, 0x21, 0xb7, 0x0, 0xc, 0x16, 0x30, 0x7,
    0x14, 0x0, 0x45, 0x4e, 0xa4, 0x20, 0x18, 0xc0,
    0x32, 0xcd, 0xf5, 0x38, 0x7, 0xf0, 0xd5, 0x3a,
    0xc0, 0x3f, 0xc8, 0x62, 0x0, 0x90, 0xf, 0xe8,
    0x0, 0xca, 0x1, 0x80,

    /* U+77E5 "知" */
    0x0, 0xc6, 0x1, 0xff, 0xc1, 0x80, 0xf, 0xfe,
    0xb, 0x20, 0x7, 0xff, 0x5, 0x0, 0x3f, 0xe3,
    0x50, 0xf, 0xfe, 0x2, 0x58, 0x0, 0x40, 0x3f,
    0xb5, 0xe3, 0x60, 0x80, 0x21, 0x20, 0x0, 0xbe,
    0xae, 0xc8, 0x31, 0xb5, 0x40, 0x1, 0xb2, 0x58,
    0x0, 0x53, 0x21, 0x2c, 0x0, 0x78, 0x80, 0x72,
    0xd3, 0xf1, 0x2, 0xc8, 0x0, 0x40, 0x3d, 0xec,
    0xa, 0x20, 0x63, 0x3c, 0xa0, 0x10, 0x98, 0x3d,
    0x6f, 0x6, 0xfa, 0x80, 0x46, 0x20, 0x5d, 0xb7,
    0xe8, 0x20, 0x18, 0x40, 0xa, 0x81, 0xce, 0x1,
    0xff, 0xc0, 0x29, 0x10, 0x8, 0xd9, 0x80, 0x1e,
    0x8d, 0x0, 0x24, 0xf5, 0x88, 0x4, 0xbe, 0x57,
    0x61, 0x5a, 0x86, 0x10, 0xb, 0xd4, 0x1d, 0x43,
    0x0, 0x3c, 0x98, 0x1, 0x58, 0xb8, 0x7, 0xf,
    0x30, 0x4, 0xa0, 0x1f, 0x45, 0x80, 0x7f, 0xc9,
    0x2, 0x1, 0xff, 0x0,

    /* U+79CD "种" */
    0x0, 0xfe, 0x33, 0x0, 0x7f, 0x84, 0x0, 0x5c,
    0x1, 0xfd, 0x5a, 0x0, 0x16, 0x0, 0xf8, 0xb0,
    0xf4, 0x2, 0x10, 0xf, 0x3d, 0xac, 0x88, 0x7,
    0xf3, 0x32, 0x40, 0x21, 0x0, 0xe2, 0x0, 0x30,
    0x80, 0x64, 0x0, 0xa, 0x3e, 0x80, 0x78, 0x4b,
    0xb7, 0x4b, 0x82, 0x80, 0x2, 0x58, 0x7d, 0xb1,
    0xdd, 0x24, 0x21, 0x0, 0x27, 0x74, 0xf9, 0x20,
    0x1c, 0x3c, 0x0, 0xb8, 0x5, 0x0, 0xf9, 0xc4,
    0x3, 0x7b, 0xd8, 0x80, 0x71, 0x18, 0x4, 0x26,
    0x5a, 0xcc, 0x9b, 0x5d, 0xa2, 0x0, 0x9a, 0xc1,
    0x8c, 0x76, 0x57, 0x71, 0xc0, 0x2f, 0x20, 0x2,
    0x52, 0x10, 0x7, 0x9a, 0x40, 0x33, 0x80, 0x7f,
    0x8, 0x7, 0xff, 0x1, 0x98, 0x1, 0xff, 0xc1,
    0x60, 0xf, 0xfe, 0x28, 0x80, 0x7f, 0xf0, 0x8c,
    0x3, 0x88, 0x3, 0xf0, 0x80, 0x73, 0x0, 0x7e,
    0x3c, 0x0, 0xc9, 0xa0, 0x1f, 0x94, 0x3, 0x9c,
    0x3, 0x0,

    /* U+7B2C "第" */
    0x0, 0xff, 0xe3, 0xa1, 0x80, 0x4c, 0x1, 0xfc,
    0x76, 0x1, 0x59, 0x0, 0x7e, 0xb9, 0x0, 0x10,
    0x90, 0x0, 0x40, 0x31, 0x30, 0xa2, 0x16, 0x92,
    0x37, 0xc4, 0x2, 0xb7, 0xde, 0x1c, 0xd8, 0xdc,
    0xe1, 0x0, 0x9, 0xe3, 0x53, 0x6d, 0xce, 0x8,
    0x6, 0x9b, 0x1c, 0x44, 0x30, 0x28, 0x7, 0x1f,
    0x8, 0x23, 0x20, 0x1d, 0xe8, 0x6, 0x47, 0x57,
    0xa9, 0xec, 0x96, 0x70, 0xc, 0xe1, 0x81, 0xb4,
    0xf9, 0x4e, 0x60, 0x1c, 0x36, 0xe8, 0x20, 0x3,
    0x60, 0xf, 0xa9, 0xe6, 0xd7, 0x26, 0xc4, 0x3,
    0xc2, 0x1b, 0x4b, 0x94, 0xe2, 0x60, 0x1c, 0x6e,
    0x82, 0x0, 0x36, 0x9c, 0x0, 0xe6, 0x79, 0xc5,
    0xc9, 0x1e, 0x60, 0xc, 0x82, 0x2d, 0x4, 0xca,
    0x72, 0xc0, 0xc, 0x98, 0xc4, 0x82, 0x30, 0x63,
    0x80, 0x70, 0x9e, 0xc0, 0xc, 0x2, 0x90, 0x7,
    0x17, 0xd0, 0x5, 0xb8, 0xc0, 0x1c, 0x73, 0xa2,
    0x1, 0x23, 0xf8, 0x6, 0x5a, 0xb1, 0x0, 0xea,
    0x50, 0x9, 0xc6, 0x40, 0x23, 0x0, 0x84, 0x3,
    0x3a, 0x0, 0x63, 0x20, 0xf, 0xfe, 0x14, 0x0,
    0x7c,

    /* U+7CFB "系" */
    0x0, 0xff, 0xe5, 0xe, 0x8, 0x7, 0xf3, 0xf8,
    0x28, 0x7, 0x8e, 0x77, 0xf3, 0x8, 0x1, 0x2c,
    0xd5, 0xb6, 0x41, 0x80, 0x61, 0x79, 0xae, 0x50,
    0x3, 0xa0, 0x4, 0x24, 0x3, 0x94, 0x21, 0x66,
    0x1, 0xe8, 0xa0, 0x4, 0x23, 0x80, 0x75, 0x84,
    0xca, 0xce, 0x40, 0x3c, 0x79, 0x30, 0x16, 0x1,
    0xf4, 0x28, 0x5d, 0x2, 0x8, 0x7, 0xd3, 0x2,
    0x9, 0x62, 0x1, 0xd3, 0x46, 0x8f, 0x7, 0xa0,
    0x12, 0x6b, 0xf5, 0x72, 0xc4, 0xba, 0x0, 0x16,
    0xaf, 0x6d, 0xc8, 0x1, 0xc, 0x0, 0x17, 0xc1,
    0x7, 0x4, 0x3, 0x20, 0xc, 0xea, 0x1, 0xa4,
    0x3, 0xa1, 0x90, 0x2, 0x4c, 0xc1, 0x0, 0x10,
    0x20, 0x3, 0x96, 0xfc, 0xb, 0x20, 0x20, 0x40,
    0x33, 0xa0, 0xa4, 0x0, 0x27, 0x44, 0x3, 0x48,
    0xb0, 0x4, 0x30, 0x1, 0xff, 0xc0, 0x49, 0x0,
    0xe0,

    /* U+7ECF "经" */
    0x0, 0xff, 0xe3, 0xb8, 0x7, 0xff, 0xa, 0x44,
    0x3, 0x90, 0x3, 0xc6, 0xa2, 0x4, 0x8d, 0x16,
    0xa0, 0x1c, 0x9e, 0x13, 0x9d, 0xc1, 0x35, 0x0,
    0xec, 0x41, 0x9e, 0xa8, 0x2f, 0x0, 0xe2, 0xc0,
    0x43, 0x0, 0x20, 0x98, 0x7, 0x53, 0x7, 0xa0,
    0x2, 0x2c, 0x3, 0xc2, 0x22, 0x67, 0x6, 0x4b,
    0x0, 0xea, 0x5c, 0xfa, 0x3, 0xe8, 0xed, 0x20,
    0x8, 0x6b, 0x19, 0x83, 0x50, 0x9, 0x78, 0x40,
    0xb, 0x64, 0xd1, 0x99, 0x0, 0x4c, 0x8e, 0x1,
    0xb5, 0x92, 0x0, 0x30, 0xdb, 0x0, 0x47, 0xc0,
    0xe2, 0xd1, 0x39, 0xec, 0x60, 0x1, 0xfc, 0xa7,
    0x1e, 0xd2, 0xde, 0x70, 0x9, 0x82, 0x29, 0x42,
    0x14, 0x4, 0x3, 0x9f, 0xc, 0x3, 0xff, 0x86,
    0x2e, 0xa0, 0x1f, 0xe2, 0x9b, 0x55, 0x0, 0x7e,
    0x5c, 0xfd, 0xa2, 0x0, 0xf1, 0x20, 0x22, 0x35,
    0x1, 0x9e, 0x29, 0x73, 0x7b, 0xc4, 0x50, 0x1,
    0x18, 0x64, 0x76, 0x6e, 0x58, 0x80,

    /* U+7F8E "美" */
    0x0, 0xff, 0xe3, 0x88, 0x6, 0x60, 0xf, 0xe3,
    0x50, 0xb, 0x14, 0x3, 0xf1, 0x79, 0x0, 0x1d,
    0x40, 0x3f, 0xba, 0x80, 0xe8, 0x3, 0xfc, 0x9e,
    0x16, 0xc0, 0x1f, 0xf2, 0x20, 0xe3, 0x39, 0x40,
    0x34, 0x6e, 0xb2, 0xa7, 0xab, 0x79, 0x40, 0x34,
    0x66, 0xe4, 0xb2, 0x98, 0x80, 0x7c, 0x20, 0x26,
    0xd1, 0x7a, 0x80, 0x1e, 0x7e, 0xda, 0x1b, 0xad,
    0x40, 0xf, 0x3f, 0x64, 0xb1, 0x88, 0xa, 0xa0,
    0x7, 0x12, 0x33, 0xd6, 0x62, 0xb0, 0xc0, 0x17,
    0xd9, 0x6, 0x2f, 0x79, 0x8b, 0x97, 0x0, 0x5f,
    0x65, 0x3a, 0x8, 0x80, 0x3f, 0xf8, 0xd, 0xa2,
    0x6d, 0x58, 0x1, 0x99, 0xe6, 0xed, 0x17, 0x60,
    0xed, 0x0, 0xf6, 0xd1, 0x47, 0x43, 0x20, 0x80,
    0x66, 0x74, 0x24, 0x6d, 0x10, 0xf, 0xf4, 0xd0,
    0x45, 0x80, 0x7f, 0x36, 0x90, 0xf, 0xc0, 0x7,
    0xcb, 0xce, 0x1, 0x29, 0xc0, 0x7, 0x39, 0xc0,
    0x7, 0x53, 0xf4, 0xa1, 0xc2, 0xb0, 0x7, 0x86,
    0xea, 0xd0, 0xe0, 0x80, 0x3f, 0x22, 0x8, 0x0,

    /* U+8005 "者" */
    0x0, 0xff, 0xe4, 0x9a, 0x0, 0x7f, 0xf0, 0x4e,
    0x80, 0x3f, 0xf8, 0x46, 0x1, 0x98, 0x3, 0xf9,
    0xc0, 0x24, 0xd0, 0xf, 0xf8, 0x43, 0xf4, 0x3,
    0xc4, 0x8e, 0x99, 0x8a, 0x6, 0x0, 0xe2, 0xec,
    0x25, 0xcd, 0x19, 0x0, 0xf1, 0x64, 0x28, 0x82,
    0x99, 0x0, 0x7f, 0xc3, 0x30, 0x7, 0x6, 0x1,
    0x89, 0x19, 0xf4, 0xb3, 0x12, 0xc, 0x17, 0xbd,
    0x38, 0x3, 0x5d, 0x98, 0xa8, 0x50, 0x9c, 0xeb,
    0x81, 0x46, 0x1, 0x0, 0xe2, 0x10, 0x28, 0xf8,
    0x3, 0xa5, 0x0, 0xf9, 0x5d, 0x32, 0xe9, 0xdc,
    0x1, 0xe7, 0xf5, 0xcc, 0x5c, 0xb1, 0x0, 0x74,
    0x94, 0x18, 0x7, 0xf1, 0x4d, 0xa8, 0x13, 0x4e,
    0xc0, 0x7, 0x34, 0x90, 0x1, 0xce, 0xb6, 0x0,
    0x39, 0x0, 0x32, 0xa8, 0xc0, 0x2, 0x1, 0xff,
    0xc0, 0x33, 0x0, 0x7f, 0x9f, 0x31, 0x32, 0x10,
    0xf, 0xc2, 0xb9, 0x8a, 0xa1, 0x0, 0x7e, 0x1c,
    0x0, 0xd2, 0x1, 0xfc, 0xe0, 0x18, 0x40, 0x30,

    /* U+800C "而" */
    0x0, 0xff, 0xe6, 0x8a, 0x34, 0xf6, 0x0, 0x9,
    0x19, 0xe6, 0xf7, 0xab, 0x47, 0x37, 0x40, 0xa,
    0x8e, 0x1d, 0x9b, 0x7b, 0x97, 0x53, 0x10, 0x4,
    0x64, 0x32, 0x10, 0xf8, 0x7, 0xff, 0xb, 0x9c,
    0x3, 0xf8, 0x44, 0x1, 0x84, 0x2, 0x13, 0x0,
    0xe6, 0x0, 0x8d, 0x1e, 0x6f, 0xe0, 0x3, 0xd,
    0x67, 0x78, 0xed, 0xe4, 0xc6, 0x80, 0x73, 0x6f,
    0x2d, 0xcb, 0x29, 0x1, 0x0, 0x70, 0x88, 0x3,
    0xe1, 0x0, 0xff, 0xe1, 0xfb, 0x80, 0x7e, 0x30,
    0xf, 0x8, 0x7, 0xff, 0x8, 0x40, 0x3f, 0xc2,
    0x1, 0x8c, 0xc0, 0x1f, 0xfc, 0x21, 0x10, 0x7,
    0x18, 0x0, 0xc0, 0x2, 0x1, 0xfe, 0x10, 0x60,
    0x3, 0x0, 0x7f, 0x8c, 0x14, 0x0, 0xe8, 0x1,
    0xf8, 0xc0, 0x16, 0x21, 0x2, 0xe0, 0x1f, 0x18,
    0x81, 0x0, 0x9, 0x70, 0x40, 0x3d, 0x62, 0x1,
    0xe9, 0xd0, 0xf, 0x11, 0x0, 0x3c, 0x4e, 0x1,
    0x0,

    /* U+80FD "能" */
    0x0, 0x88, 0x2, 0x30, 0xf, 0xd2, 0x1, 0x40,
    0x7, 0xc2, 0x82, 0x1, 0xfe, 0x79, 0x10, 0x1,
    0x0, 0x18, 0x3, 0x63, 0x38, 0x6, 0x28, 0x20,
    0x1, 0xf8, 0x25, 0x0, 0x53, 0xa4, 0x0, 0xa4,
    0x45, 0xa1, 0x85, 0x49, 0x88, 0x4b, 0x61, 0xd4,
    0x9, 0xd9, 0x2, 0x6, 0xd6, 0xb9, 0x39, 0x18,
    0x80, 0x8, 0x10, 0xc0, 0x5, 0x60, 0x2, 0x1,
    0xc1, 0xf, 0xcc, 0x43, 0x86, 0xce, 0x51, 0x0,
    0x59, 0x8a, 0x70, 0xfb, 0xcb, 0x91, 0x0, 0xb,
    0x10, 0x1, 0xc0, 0xa, 0x1, 0xd, 0xf0, 0x80,
    0x14, 0x1, 0x6, 0x1, 0x54, 0x18, 0x6, 0xab,
    0x30, 0x8, 0xe1, 0x0, 0x27, 0xc6, 0x0, 0xd7,
    0xac, 0x60, 0xa2, 0xc0, 0x1d, 0xa, 0x40, 0x6,
    0x60, 0x4, 0x60, 0x1f, 0x18, 0x6, 0x50, 0x10,
    0x40, 0xf, 0xdc, 0xa, 0xd, 0x60, 0x11, 0x80,
    0x9, 0x1, 0x80, 0xb0, 0x42, 0x21, 0xba, 0xe4,
    0x8, 0x0, 0x3d, 0x80, 0xde, 0xeb, 0x20,

    /* U+81EA "自" */
    0x0, 0xff, 0xe0, 0x21, 0x80, 0x7c, 0xf0, 0x1,
    0xf3, 0x10, 0x7, 0xc5, 0x40, 0x18, 0xc8, 0x38,
    0xc0, 0xa, 0xe4, 0xa2, 0x6f, 0x59, 0x7e, 0x33,
    0x64, 0x48, 0xc9, 0xc0, 0x7a, 0x85, 0x20, 0x3,
    0x80, 0x7d, 0xe2, 0x6, 0x2, 0xb4, 0x80, 0x12,
    0x65, 0xef, 0xb0, 0x98, 0x26, 0x54, 0x29, 0x0,
    0x7f, 0x18, 0x80, 0x61, 0x63, 0x0, 0x9a, 0xf2,
    0xb9, 0xc0, 0x27, 0xbc, 0xb8, 0x40, 0x8, 0x40,
    0x3f, 0xf8, 0x42, 0x0, 0x10, 0x1, 0x33, 0xb8,
    0x5, 0x33, 0x16, 0x20, 0xe0, 0x69, 0x98, 0x97,
    0x71, 0x81, 0x18, 0x7, 0x48, 0x2, 0x0, 0x38,
    0x40,

    /* U+884C "行" */
    0x0, 0xe1, 0x10, 0x7, 0xff, 0x9, 0x10, 0x1,
    0xff, 0xc2, 0xe2, 0x0, 0xe6, 0x40, 0xf, 0x10,
    0x38, 0x2c, 0xe6, 0x3c, 0x80, 0x3d, 0x74, 0x0,
    0x1c, 0xdc, 0x96, 0x0, 0xe4, 0xf1, 0x0, 0x22,
    0x88, 0x7, 0xed, 0x62, 0x40, 0xf, 0xf9, 0xe0,
    0x14, 0xc0, 0x3c, 0x2a, 0x1, 0x28, 0x85, 0x18,
    0x0, 0x56, 0x33, 0x1c, 0x60, 0x2, 0x8, 0xb1,
    0xbd, 0xb2, 0x4c, 0xdb, 0x30, 0x8, 0x9d, 0xcb,
    0x1b, 0x4e, 0x2, 0x1, 0xe9, 0x50, 0x1, 0x80,
    0x4e, 0x20, 0x1c, 0xf2, 0x60, 0x1e, 0x10, 0xe,
    0x53, 0x20, 0xf, 0xfe, 0x0, 0x82, 0x0, 0x7f,
    0xf0, 0x45, 0x40, 0x3f, 0xfd, 0xa2, 0x1, 0xf8,
    0xc4, 0x2, 0x70, 0xf, 0xf3, 0x80, 0x65, 0xb6,
    0x0, 0xfc, 0xe0, 0x18, 0xb8, 0xc0, 0x3f, 0x48,
    0x7, 0x2d, 0x80, 0x60,

    /* U+8868 "表" */
    0x0, 0xf8, 0xcc, 0x1, 0xff, 0xc2, 0x2d, 0x0,
    0xff, 0xe1, 0x9, 0x0, 0x7f, 0xf0, 0xdc, 0x2,
    0x50, 0xf, 0xc4, 0x8e, 0xb5, 0x98, 0xf4, 0x0,
    0xe8, 0xe9, 0xc2, 0x25, 0xe6, 0x29, 0x0, 0x3a,
    0x3a, 0xe1, 0x5c, 0x40, 0x3f, 0xf8, 0x4, 0x8d,
    0x37, 0xd2, 0x1, 0xf4, 0x74, 0xe0, 0xd5, 0x3a,
    0x40, 0x3e, 0x8e, 0xb8, 0x73, 0x10, 0x0, 0x98,
    0x7, 0xe2, 0x76, 0x8a, 0xdc, 0x80, 0x1, 0x45,
    0x66, 0xe6, 0x81, 0xdd, 0xbb, 0x6c, 0x0, 0x5d,
    0xcd, 0xd4, 0xb3, 0x14, 0xc2, 0x40, 0x39, 0x90,
    0x42, 0xed, 0xcc, 0x10, 0x60, 0x1f, 0xa0, 0x4d,
    0x30, 0xc2, 0x40, 0x3e, 0x33, 0x28, 0x87, 0xc4,
    0x80, 0x7e, 0xfa, 0x0, 0x94, 0x3, 0xfa, 0x7c,
    0x40, 0x36, 0xc0, 0x7, 0x9f, 0x4c, 0x2, 0x24,
    0x65, 0x20, 0xc, 0xe6, 0x80, 0x11, 0x52, 0x5,
    0xf9, 0x80, 0x48, 0x80, 0x9, 0xba, 0x0, 0xc,
    0x79, 0x85, 0x3, 0x0, 0x8c, 0xdc, 0x1, 0xb7,
    0x35, 0x40, 0x39, 0x5c, 0x80, 0x31, 0x98, 0x40,
    0x3c, 0xd0, 0x1, 0xfc,

    /* U+897F "西" */
    0x0, 0xff, 0xe0, 0x22, 0x80, 0x42, 0x48, 0xaf,
    0x35, 0x79, 0x8f, 0xf0, 0xaf, 0xe4, 0xe9, 0x5e,
    0x85, 0xe6, 0x2e, 0x85, 0x7f, 0x6e, 0x5d, 0x90,
    0xc0, 0x3f, 0xf9, 0x68, 0x1, 0xf8, 0x9c, 0x3,
    0x9, 0x92, 0x34, 0x26, 0x6f, 0xe8, 0x6, 0x6e,
    0x8c, 0xc, 0x6c, 0xd9, 0xc0, 0xc, 0x35, 0x49,
    0x44, 0x10, 0x4, 0x60, 0x18, 0xc0, 0x7, 0xe0,
    0x18, 0x44, 0x1, 0xde, 0xc, 0x60, 0x18, 0x9c,
    0x3, 0x8, 0x83, 0x14, 0x3, 0x78, 0x80, 0x7e,
    0x10, 0x3, 0xc0, 0x98, 0x7, 0x8b, 0x40, 0x10,
    0x78, 0x62, 0x1, 0xe5, 0x50, 0x0, 0x51, 0x0,
    0x1f, 0x98, 0x3, 0xff, 0x84, 0x20, 0x18, 0x8c,
    0x3, 0xe2, 0x8a, 0xcc, 0xa6, 0x42, 0x1, 0xe6,
    0xb8, 0xcc, 0xae, 0x88, 0x3, 0xca, 0x64, 0x1,
    0xd0, 0x1, 0xe8, 0x0, 0xf8, 0x40, 0x20,

    /* U+8981 "要" */
    0x0, 0xff, 0xe0, 0x8, 0x7, 0xc4, 0x6a, 0xf3,
    0x7d, 0xe4, 0x0, 0x9e, 0xe6, 0x62, 0xca, 0xf6,
    0x7f, 0x88, 0x1, 0x39, 0xd8, 0xf0, 0xee, 0x42,
    0x10, 0xe, 0x32, 0x0, 0xe1, 0x4c, 0x0, 0xe1,
    0x86, 0x5b, 0xc5, 0xad, 0x0, 0xf8, 0x41, 0xa7,
    0x12, 0xec, 0x80, 0x1e, 0x26, 0xd3, 0x0, 0x87,
    0x80, 0x3f, 0x8c, 0x2, 0x55, 0x0, 0x78, 0xd3,
    0x62, 0xd3, 0x69, 0x80, 0x3c, 0x99, 0x86, 0x8e,
    0xdc, 0x50, 0xf, 0x44, 0x18, 0x44, 0x1, 0xc2,
    0x1, 0x98, 0xd, 0xc5, 0x5e, 0x6f, 0x70, 0x4d,
    0xe6, 0xed, 0xa1, 0x67, 0x55, 0x6e, 0x84, 0x5f,
    0x57, 0x4b, 0x50, 0x88, 0x31, 0x0, 0x8a, 0xc,
    0x1b, 0x80, 0x17, 0x40, 0x1f, 0xdb, 0x82, 0x22,
    0x30, 0xf, 0xea, 0xda, 0xcc, 0x0, 0x7f, 0xc8,
    0x69, 0x96, 0x60, 0x1f, 0xd5, 0xf3, 0x7b, 0x92,
    0x1, 0xe6, 0xce, 0x70, 0x3, 0x63, 0x80, 0x64,
    0x93, 0xc4, 0x0, 0xc7, 0xe0, 0x10,

    /* U+89C1 "见" */
    0x0, 0xff, 0xe3, 0xa8, 0x7, 0x40, 0x80, 0x7d,
    0xea, 0xf3, 0x7a, 0xea, 0x1, 0xf3, 0x68, 0xec,
    0xea, 0x20, 0x3, 0xe6, 0x86, 0x42, 0x1, 0x0,
    0xff, 0x21, 0x80, 0x7f, 0xc6, 0xd, 0xe0, 0x1f,
    0xfc, 0x26, 0x0, 0xff, 0xe0, 0x89, 0x0, 0xc,
    0x3, 0xfc, 0xfe, 0x2, 0x20, 0xf, 0xf0, 0x90,
    0x1f, 0x80, 0x7f, 0x8b, 0x40, 0x44, 0x1, 0xf0,
    0x88, 0x38, 0xc9, 0x8c, 0x3, 0xe2, 0x0, 0x19,
    0x19, 0x8, 0x7, 0xc7, 0xa2, 0x0, 0x14, 0x60,
    0xf, 0xca, 0xfe, 0x20, 0x64, 0x0, 0x30, 0xf,
    0x6a, 0x80, 0x79, 0x40, 0x39, 0x74, 0x3, 0xe1,
    0x0, 0xc3, 0xec, 0x2, 0x1, 0xdc, 0x1, 0xd,
    0xd8, 0x1, 0xcc, 0x1, 0x94, 0x0, 0x57, 0x61,
    0x0, 0x36, 0xf6, 0xeb, 0xc4, 0x11, 0x68, 0x40,
    0x21, 0xbe, 0xcc, 0x7e, 0x82, 0x38, 0x7, 0xe1,
    0x10, 0x4,

    /* U+8BF4 "说" */
    0x0, 0xff, 0x10, 0x80, 0x7f, 0x18, 0x4, 0xd6,
    0x1, 0x88, 0x80, 0x13, 0xa8, 0x0, 0x8c, 0x3,
    0x14, 0x20, 0x1, 0x24, 0x43, 0xe0, 0x3, 0xae,
    0x8c, 0x0, 0x8c, 0x2, 0x20, 0xe, 0x19, 0x70,
    0x1b, 0x33, 0x61, 0x0, 0x79, 0xd4, 0x18, 0xda,
    0xb3, 0x6, 0x1, 0xe1, 0xb, 0xc8, 0x1d, 0x33,
    0x0, 0x74, 0x80, 0x1b, 0x2a, 0x15, 0xc0, 0x24,
    0x8c, 0x61, 0x3, 0x0, 0x84, 0xc0, 0x37, 0x6a,
    0x88, 0x7, 0x1f, 0x0, 0x48, 0xc2, 0x1, 0x18,
    0x12, 0x5f, 0x80, 0x7f, 0x3e, 0xcc, 0x7d, 0x80,
    0x7f, 0x3f, 0xa, 0x91, 0x80, 0x7f, 0x42, 0xf8,
    0x20, 0x7, 0xf3, 0x1f, 0xa0, 0x7, 0xf1, 0x8f,
    0x9, 0x88, 0x6, 0x30, 0xe, 0x89, 0x22, 0x0,
    0x73, 0x0, 0x42, 0xa2, 0x2a, 0xa0, 0x7, 0x10,
    0x4, 0xa7, 0x22, 0x22, 0x0, 0xef, 0x10, 0x0,
    0xb8, 0xdc, 0x0, 0x5, 0x0, 0x4, 0xa0, 0x5,
    0x87, 0x81, 0x0, 0x54, 0xf7, 0x1c, 0x3, 0x22,
    0x8, 0x2, 0x2d, 0xee, 0x6a, 0x0,

    /* U+8D77 "起" */
    0x0, 0xe1, 0x0, 0xff, 0xe1, 0xc0, 0x7, 0xff,
    0xc, 0x8c, 0x3, 0xff, 0x84, 0x26, 0x1, 0xce,
    0x60, 0x1f, 0xe2, 0x69, 0xb9, 0x50, 0xf, 0xc5,
    0x1, 0xd5, 0x68, 0xc0, 0x18, 0x9e, 0x92, 0x3c,
    0x20, 0xc0, 0x3e, 0x21, 0x84, 0xa7, 0x20, 0xf,
    0xf3, 0x10, 0x6, 0x60, 0xf, 0xfe, 0x2, 0xd4,
    0xe4, 0xe0, 0x90, 0x4, 0x4d, 0x58, 0xe5, 0xd0,
    0x37, 0x96, 0x40, 0x11, 0xf4, 0xe3, 0xaa, 0x8,
    0x88, 0x3, 0xc3, 0xe, 0x6, 0x20, 0x1f, 0xfc,
    0xd, 0x20, 0x5a, 0x50, 0xc, 0x82, 0x1, 0x8d,
    0x80, 0x79, 0x0, 0x38, 0xc0, 0x30, 0xa0, 0x32,
    0x8, 0x7, 0x30, 0x6, 0x61, 0x0, 0xc2, 0x84,
    0x7a, 0x60, 0x12, 0x2d, 0x28, 0x5, 0x3d, 0x32,
    0x4, 0x0, 0xb2, 0x6e, 0xd0, 0x20, 0x55, 0x75,
    0x26, 0x1, 0x84, 0x1e, 0xe9, 0xc0, 0x3f, 0x26,
    0x0, 0x45, 0x61, 0xaa, 0x1, 0xe3, 0x40, 0xe,
    0x7f, 0x9d, 0x75, 0x66, 0xa, 0x80, 0x7c, 0x59,
    0x51, 0xc6, 0xc2, 0x40, 0x1f, 0xcf, 0xf6, 0xa0,

    /* U+8DEF "路" */
    0x0, 0xff, 0xe5, 0xb0, 0x80, 0x7f, 0xf0, 0x7a,
    0x40, 0x3e, 0x40, 0x1, 0x10, 0xa, 0x80, 0x3e,
    0xc6, 0x8f, 0xa0, 0x12, 0x2, 0x0, 0xf0, 0xdd,
    0x58, 0x89, 0x63, 0x10, 0x3, 0x7b, 0x18, 0x13,
    0x89, 0x69, 0x20, 0x7, 0xde, 0x3d, 0x6e, 0x52,
    0x1, 0xe2, 0x43, 0x32, 0x38, 0x62, 0x80, 0x77,
    0xd4, 0x7a, 0x67, 0x3e, 0x80, 0x7a, 0xa1, 0x50,
    0x82, 0x20, 0xc0, 0x1e, 0x21, 0x0, 0x28, 0x3b,
    0xa4, 0x3, 0x8d, 0x80, 0x30, 0xfc, 0x73, 0x0,
    0x63, 0xd0, 0x4c, 0x79, 0x80, 0x7a, 0x50, 0xc,
    0x40, 0x98, 0x5c, 0x20, 0xe, 0xac, 0x80, 0xe,
    0x30, 0x10, 0x35, 0xeb, 0xe8, 0x0, 0xe7, 0x5d,
    0xd4, 0xe8, 0xa1, 0x0, 0x79, 0xc, 0xdb, 0x50,
    0xe0, 0x1f, 0x14, 0x88, 0x7, 0xf8, 0xaf, 0x64,
    0x80, 0x21, 0x20, 0x9, 0x34, 0x29, 0x80, 0x39,
    0x40, 0x32, 0x45, 0x88, 0x4, 0x5b, 0xaf, 0x0,
    0xe5, 0x0, 0xf6, 0xea, 0xe0, 0x3, 0xfd, 0xa0,
    0x1f, 0xfc, 0x26, 0x0, 0xf8,

    /* U+8EAB "身" */
    0x0, 0xf1, 0x8, 0x7, 0xff, 0x1, 0xd8, 0x3,
    0xff, 0x80, 0x40, 0x1f, 0xfc, 0x1d, 0x70, 0xf,
    0xf2, 0x1, 0x0, 0xb, 0x0, 0x3e, 0xc8, 0x2b,
    0xc8, 0x10, 0xf, 0x8b, 0xe6, 0xf2, 0x9c, 0x3,
    0xe3, 0x73, 0x5, 0x0, 0x88, 0x3, 0xd5, 0x79,
    0xe4, 0x0, 0xa1, 0x0, 0xe8, 0xbc, 0xa2, 0x0,
    0x29, 0x80, 0x63, 0x22, 0x35, 0x18, 0x32, 0x90,
    0x7, 0x64, 0xf, 0x18, 0xd4, 0x0, 0x7b, 0x29,
    0xd0, 0x13, 0xc0, 0x3e, 0x35, 0x9b, 0xe5, 0x30,
    0xc, 0xf8, 0x92, 0x77, 0xc4, 0x1, 0xe5, 0xfe,
    0xa6, 0x64, 0xe8, 0x7, 0x88, 0xc0, 0x9, 0xfa,
    0x20, 0x1f, 0xcb, 0xf6, 0x20, 0x1f, 0xcf, 0x96,
    0x1, 0xfc, 0x34, 0x52, 0x2, 0x0, 0x30, 0xc,
    0x91, 0x6a, 0x1, 0x49, 0x0, 0x64, 0x19, 0x10,
    0x8, 0x6f, 0x0, 0x32, 0x28, 0x7, 0x8a, 0xf8,
    0x3, 0xff, 0x80, 0xae, 0x1, 0x0,

    /* U+8F66 "车" */
    0x0, 0xff, 0xe4, 0x9a, 0x80, 0x7f, 0xf0, 0x5a,
    0x40, 0x3f, 0xf8, 0x39, 0x40, 0x1f, 0xfc, 0x14,
    0x60, 0xf, 0xfe, 0x1, 0xb8, 0x9, 0xb5, 0xc0,
    0x4, 0x48, 0xd1, 0xe9, 0xb5, 0x41, 0xeb, 0x0,
    0x93, 0xc7, 0x3, 0xb9, 0x72, 0xea, 0x60, 0x13,
    0x5b, 0xb2, 0x87, 0x90, 0x7, 0xfa, 0xa8, 0xc,
    0x60, 0x1f, 0xe3, 0x30, 0x0, 0x40, 0x3f, 0x8c,
    0xc0, 0x18, 0x9c, 0xc0, 0x3d, 0x1, 0x16, 0x9b,
    0x3c, 0xa0, 0x1e, 0x7e, 0xba, 0x4d, 0xb9, 0x60,
    0xf, 0x63, 0x18, 0x80, 0x7f, 0xf1, 0xcd, 0xd4,
    0x3, 0x89, 0x19, 0xef, 0x75, 0x1c, 0x40, 0xb9,
    0xba, 0x9c, 0x6, 0xad, 0xd5, 0xcb, 0x82, 0xc6,
    0xea, 0xe1, 0x84, 0x40, 0x1f, 0x20, 0x7, 0xff,
    0x20, 0x40, 0x3f, 0xf8, 0x4c, 0x1, 0xff, 0xc2,
    0x30, 0xf, 0xfe, 0x13, 0x0, 0x7f, 0xf0, 0xa0,
    0x3, 0xe0,

    /* U+8FB9 "边" */
    0x0, 0xfe, 0x50, 0xf, 0xfe, 0x19, 0x38, 0x7,
    0xe3, 0x0, 0xf7, 0x80, 0x7f, 0x48, 0x7, 0x60,
    0x7, 0xe3, 0x34, 0x0, 0x5e, 0xe0, 0x1f, 0xd0,
    0x60, 0x10, 0x88, 0x3, 0xf8, 0xbc, 0x2, 0x32,
    0x9, 0x40, 0xf, 0x90, 0x95, 0xd3, 0x30, 0xe4,
    0x1, 0xf0, 0x8b, 0x9, 0x73, 0x4, 0xc0, 0x1c,
    0x75, 0x67, 0x2a, 0x20, 0x7, 0x0, 0xd7, 0x94,
    0x3e, 0x0, 0x2d, 0x0, 0xfa, 0xf2, 0x45, 0x40,
    0xe, 0x60, 0x24, 0x1, 0xf1, 0x0, 0x58, 0xa0,
    0xbe, 0x1, 0xe1, 0xf0, 0x8, 0xc4, 0xc, 0x80,
    0x3c, 0x3a, 0x0, 0x4c, 0x0, 0x6a, 0x80, 0x7f,
    0xb5, 0x90, 0x4, 0x40, 0x1f, 0x10, 0x17, 0x81,
    0xa0, 0x80, 0x78, 0x43, 0x81, 0x58, 0x1a, 0xf0,
    0x3, 0xb7, 0x59, 0x4e, 0x80, 0x1, 0x57, 0x0,
    0xed, 0xcc, 0x8e, 0xa8, 0xa1, 0x42, 0x1, 0xfc,
    0x93, 0x41, 0x94, 0x82, 0x0, 0x10, 0xf, 0xcb,
    0x9f, 0x3d, 0xf6, 0x40, 0x1f, 0xe5, 0xd9, 0xbb,
    0x18,

    /* U+8FC7 "过" */
    0x0, 0xff, 0x19, 0x80, 0x3f, 0xf8, 0x43, 0xa0,
    0x1e, 0x15, 0x0, 0xf1, 0x10, 0x3, 0xc3, 0x8e,
    0x1, 0xe7, 0x0, 0xfa, 0x20, 0x60, 0x1c, 0x20,
    0x1f, 0xb, 0x80, 0x7f, 0xf0, 0xe0, 0xc0, 0x3e,
    0x40, 0xf, 0xc2, 0x48, 0xd2, 0x9d, 0x8, 0x1,
    0xc2, 0xf5, 0x38, 0x74, 0x9d, 0x88, 0x0, 0x37,
    0xac, 0xab, 0x98, 0x53, 0x0, 0xf2, 0x84, 0x5c,
    0x1, 0xc0, 0x7, 0xe6, 0x72, 0xf5, 0x1, 0x51,
    0x0, 0xff, 0x8, 0x4, 0xea, 0x1, 0xff, 0xc2,
    0xc4, 0x0, 0xff, 0x10, 0x4, 0xc0, 0x1f, 0xfc,
    0x1, 0x0, 0xe1, 0x0, 0xfe, 0x10, 0x9, 0xc0,
    0x3c, 0x26, 0x40, 0x60, 0x19, 0x2c, 0x40, 0x30,
    0xc4, 0xe2, 0xb0, 0x80, 0xc, 0xc4, 0x1, 0xd7,
    0x6c, 0xc1, 0xd5, 0x10, 0x22, 0xc0, 0x3f, 0x96,
    0xe3, 0x75, 0xc, 0x66, 0x53, 0x0, 0xf8, 0xa7,
    0x2, 0xb3, 0x48, 0xc0, 0x3f, 0x86, 0x3a, 0x79,
    0xc0,

    /* U+8FD8 "还" */
    0x0, 0x8, 0x7, 0xff, 0xd, 0x14, 0x3, 0x12,
    0xbd, 0x74, 0x0, 0x65, 0x84, 0x47, 0x64, 0x70,
    0x4f, 0xc0, 0x7, 0x5f, 0x27, 0x65, 0x8, 0x18,
    0x80, 0x79, 0xb0, 0x3, 0x3b, 0x0, 0x7f, 0x30,
    0x4, 0xc8, 0x20, 0x1f, 0xc2, 0x1, 0x51, 0x0,
    0x7e, 0x25, 0xf1, 0x4, 0xb2, 0x40, 0xe, 0x6e,
    0x9c, 0x31, 0xe, 0x60, 0x68, 0x0, 0xcd, 0xd7,
    0xb6, 0xd, 0xc2, 0x4, 0xe, 0x1, 0xec, 0x71,
    0xe4, 0x10, 0x4, 0x4a, 0x0, 0x78, 0x5a, 0x0,
    0x3a, 0xc, 0x3, 0xc4, 0xa0, 0x1e, 0x63, 0x0,
    0xec, 0x72, 0x0, 0x18, 0x6, 0x40, 0xe, 0x16,
    0x0, 0x98, 0x40, 0x3c, 0x22, 0x2, 0x30, 0x8,
    0x40, 0x3e, 0x6f, 0xda, 0x72, 0x0, 0x27, 0x80,
    0x79, 0xfb, 0x74, 0x77, 0x67, 0x37, 0x0, 0xff,
    0x24, 0xd9, 0x76, 0xcb, 0xb3, 0xc0, 0x7, 0xe5,
    0xce, 0x28, 0x80, 0x40, 0x7, 0xf8, 0xef, 0x7d,
    0xc0, 0x0,

    /* U+8FD9 "这" */
    0x0, 0xff, 0xe6, 0x1a, 0x0, 0x7f, 0xf0, 0x8e,
    0x8, 0x3, 0xe1, 0x40, 0xe, 0xb8, 0x0, 0xf8,
    0x75, 0x40, 0x32, 0x98, 0x7, 0xe8, 0xa2, 0x0,
    0x8a, 0xc0, 0x2, 0x1, 0xc2, 0xa0, 0x18, 0x9e,
    0x73, 0x90, 0x3, 0xac, 0x9f, 0x75, 0x4, 0xbd,
    0xe8, 0x1, 0xc2, 0xf, 0x9b, 0x4e, 0x40, 0x1f,
    0x86, 0x0, 0x31, 0x29, 0x0, 0x65, 0x8b, 0xc2,
    0x0, 0x38, 0x27, 0x0, 0x70, 0xdd, 0x96, 0xc0,
    0x51, 0xb5, 0x40, 0x39, 0xc, 0x4, 0x40, 0x3,
    0xf1, 0x0, 0xfc, 0x78, 0x1, 0xce, 0x20, 0x1f,
    0x1e, 0x0, 0x47, 0xd1, 0xa0, 0x1f, 0x8c, 0x2,
    0xa7, 0x50, 0x80, 0xf, 0x8c, 0x1, 0x16, 0x0,
    0xf5, 0x0, 0xf0, 0xf0, 0x2d, 0x90, 0x0, 0xd0,
    0x3, 0x46, 0x64, 0xcc, 0x30, 0xd, 0x20, 0x1a,
    0x7b, 0x68, 0xe6, 0x90, 0x3, 0xf0, 0x90, 0xa,
    0xd5, 0xe6, 0xcb, 0x22, 0x19, 0x80, 0x1f, 0xc,
    0x6f, 0xdd, 0xdc, 0xe0, 0x1f, 0xe6, 0xdb, 0xd8,
    0x10,

    /* U+8FDB "进" */
    0x0, 0xfe, 0x24, 0x0, 0xff, 0xa8, 0xa, 0x84,
    0x3, 0x10, 0x7, 0x39, 0x1, 0x8, 0x6, 0x3a,
    0x0, 0xce, 0x40, 0xc0, 0x1c, 0x25, 0x0, 0x1f,
    0xfc, 0x19, 0x60, 0x8, 0xc0, 0x31, 0x0, 0x61,
    0x90, 0x8, 0xd6, 0x13, 0xbc, 0x80, 0x33, 0x86,
    0x6a, 0x16, 0x2f, 0x69, 0x0, 0x7b, 0x35, 0xdc,
    0x82, 0x1, 0xf1, 0x40, 0x7, 0xf9, 0xaa, 0xfc,
    0x40, 0x3c, 0x6f, 0x20, 0xb1, 0x69, 0x48, 0xc9,
    0x78, 0x92, 0x1e, 0x26, 0x40, 0x1, 0xd0, 0x7b,
    0xc4, 0xa7, 0x61, 0x0, 0x1e, 0x14, 0xa6, 0x80,
    0x7f, 0x1e, 0x0, 0x18, 0xc0, 0x3f, 0xc6, 0x0,
    0xc4, 0x0, 0xff, 0xe2, 0x88, 0x7, 0xc4, 0xb,
    0x40, 0x1, 0x70, 0xd, 0x57, 0x60, 0x20, 0x20,
    0x0, 0xb0, 0x6, 0x89, 0x96, 0xdf, 0x39, 0x0,
    0x20, 0x3, 0x11, 0x4b, 0x36, 0x71, 0x8e, 0x23,
    0x12, 0x0, 0x79, 0x2b, 0xb9, 0x9d, 0xd3, 0x80,
    0x7e, 0x29, 0xe7, 0x9c, 0x30,

    /* U+9053 "道" */
    0x0, 0xff, 0xe7, 0xb0, 0x7, 0xfc, 0xa0, 0x17,
    0xa8, 0x7, 0xfc, 0x80, 0x2, 0x70, 0xe, 0x26,
    0x0, 0x96, 0x40, 0x2, 0x40, 0x1c, 0x5c, 0xa0,
    0x13, 0x9, 0x60, 0x7, 0xd3, 0x20, 0xb, 0xc5,
    0x46, 0x32, 0x40, 0x30, 0xd0, 0xd6, 0x46, 0xf0,
    0x6f, 0xc0, 0x7, 0x30, 0xce, 0xe3, 0x4b, 0xa9,
    0x88, 0x7, 0xc4, 0x0, 0x20, 0x19, 0x10, 0xf,
    0x31, 0xd, 0xcb, 0xed, 0x39, 0x80, 0x49, 0x19,
    0x2c, 0x3, 0x5d, 0xb6, 0x84, 0x1, 0x1f, 0x62,
    0xa0, 0x11, 0x92, 0x81, 0x80, 0x67, 0x60, 0x20,
    0x2, 0x64, 0x10, 0x7, 0xe3, 0xb0, 0x2, 0x65,
    0x38, 0x7, 0xe2, 0x60, 0x1, 0xa3, 0xe1, 0x8,
    0x7, 0x87, 0x0, 0xc, 0x66, 0xe3, 0x0, 0xff,
    0x99, 0xd0, 0x8f, 0xc0, 0x3e, 0x10, 0x16, 0x46,
    0x9e, 0xb0, 0xc, 0x26, 0x6e, 0x1, 0xc, 0xd,
    0xec, 0x0, 0xcd, 0x35, 0x94, 0xdf, 0xc, 0x84,
    0x1, 0xcf, 0x53, 0x54, 0x29, 0xa4, 0x0, 0xff,
    0xe0, 0x25, 0x46, 0xf4, 0xb2, 0xa9, 0x80, 0x3f,
    0x14, 0xf8, 0x4d, 0x63, 0x80, 0x7f, 0x86, 0x77,
    0xa4, 0x40,

    /* U+90A3 "那" */
    0x0, 0xf8, 0x40, 0xc0, 0x2, 0x1, 0xf1, 0xe1,
    0x58, 0x15, 0xc0, 0xb, 0x4e, 0x62, 0x40, 0x89,
    0x96, 0xf8, 0x2, 0x2d, 0xe, 0xa7, 0x3, 0xc9,
    0x64, 0x0, 0x3a, 0x1, 0x0, 0x70, 0x98, 0x7,
    0x38, 0x7, 0x92, 0xc0, 0x32, 0x36, 0x60, 0x3,
    0x69, 0x80, 0x57, 0x8d, 0xb8, 0x1, 0xbc, 0x3,
    0x5c, 0x8, 0x80, 0x38, 0x4c, 0x3, 0xff, 0x80,
    0xd4, 0x1, 0xb, 0x3e, 0xc8, 0x7, 0x6a, 0x84,
    0xee, 0xaf, 0x64, 0xc0, 0x32, 0x78, 0x4e, 0x61,
    0x0, 0x44, 0x1, 0xfd, 0xa4, 0x7, 0xe0, 0x6,
    0x20, 0xc, 0x26, 0x20, 0xc2, 0x0, 0x69, 0x30,
    0x9, 0xf5, 0xc, 0x88, 0x1, 0x46, 0x60, 0x1,
    0xe8, 0xb1, 0xac, 0x1, 0x1b, 0x38, 0x25, 0x0,
    0x39, 0x8, 0x3, 0x48, 0x81, 0x98, 0x0, 0xac,
    0x1, 0xf2, 0xb0, 0x6, 0x90, 0x1, 0x0, 0x65,
    0x10, 0xf, 0x9c, 0x3, 0xff, 0x83, 0x20, 0x18,

    /* U+90E8 "部" */
    0x0, 0xc2, 0x1, 0xff, 0xc2, 0x1a, 0x0, 0xff,
    0xe1, 0x14, 0x0, 0x46, 0x1, 0xfd, 0x42, 0x1,
    0x58, 0x14, 0x38, 0x7, 0x16, 0x3d, 0x8b, 0x6c,
    0xa8, 0x80, 0xbd, 0x66, 0x3f, 0xb8, 0x9, 0xb6,
    0xcc, 0x1, 0x2f, 0xcc, 0x52, 0xa8, 0x40, 0x2,
    0x60, 0x12, 0x91, 0x0, 0x44, 0x1, 0x92, 0xc0,
    0x32, 0xf8, 0x24, 0x0, 0x6d, 0x30, 0xc, 0x4e,
    0x18, 0xec, 0x40, 0xf, 0x0, 0x91, 0xa1, 0xb1,
    0x27, 0xdc, 0x1, 0xc0, 0x16, 0xe, 0x76, 0x6d,
    0xca, 0x88, 0x44, 0x0, 0x10, 0xee, 0x20, 0x3,
    0x88, 0x4, 0x22, 0x20, 0xa, 0xa2, 0xf6, 0x14,
    0x4, 0x1, 0xaa, 0x1, 0xb6, 0x75, 0x10, 0x1,
    0x97, 0x40, 0x32, 0x90, 0x7, 0x8, 0x8, 0x80,
    0x3f, 0xe7, 0x53, 0x10, 0xc, 0x24, 0xc0, 0x19,
    0xa7, 0xf0, 0x2, 0x3d, 0x8e, 0xd0, 0xd, 0xe6,
    0xe0, 0x13, 0x65, 0x43, 0x0, 0x63, 0xd1, 0x0,
    0xac, 0x3, 0x88, 0x2, 0x20, 0xc, 0xe0, 0x1c,
    0xc0, 0x1f, 0xfc, 0x25, 0x30, 0xf, 0xfe, 0x8,
    0xd0, 0x6,

    /* U+90FD "都" */
    0x0, 0xe6, 0x0, 0xff, 0xe1, 0x62, 0x80, 0x7f,
    0xf0, 0x49, 0xc0, 0x4, 0xa0, 0x11, 0x0, 0x7e,
    0x18, 0xd5, 0x7b, 0xe0, 0xf, 0x24, 0xb1, 0x8e,
    0x91, 0x24, 0x0, 0xb7, 0xad, 0xf9, 0x50, 0x12,
    0xa6, 0xa0, 0x5, 0x8d, 0x6b, 0x5, 0x10, 0x8,
    0xc0, 0x31, 0x80, 0x53, 0x20, 0x31, 0x3c, 0x0,
    0xe1, 0x14, 0x16, 0xf0, 0x82, 0xa8, 0x0, 0xb9,
    0xb4, 0x63, 0xba, 0xe1, 0xe, 0x0, 0x97, 0xf6,
    0x46, 0x8c, 0xc0, 0x15, 0x40, 0x4, 0x61, 0xe6,
    0x91, 0xa2, 0x0, 0x20, 0x30, 0x9, 0x8c, 0x4b,
    0xc, 0x40, 0x2a, 0xa0, 0x1, 0x3d, 0xe5, 0xd1,
    0x80, 0x31, 0x10, 0x13, 0x24, 0xda, 0x64, 0x1,
    0xe7, 0x1, 0x80, 0x1, 0xd4, 0x18, 0x1, 0x10,
    0x1, 0x28, 0x0, 0xd4, 0xc0, 0x32, 0x7b, 0xb0,
    0x6, 0x25, 0x9a, 0x10, 0xa, 0x63, 0xc0, 0x32,
    0x96, 0x6f, 0x0, 0x81, 0x52, 0x80, 0x67, 0x72,
    0xb3, 0x80, 0x65, 0x0, 0xe8, 0x0, 0x84, 0x14,
    0x3, 0xf0, 0x80, 0x72, 0x80, 0x7f, 0xf0, 0xbc,
    0x3, 0xff, 0x84, 0x80, 0x18,

    /* U+91CC "里" */
    0x0, 0xff, 0xe3, 0x28, 0x7, 0x1c, 0x48, 0x7,
    0xb9, 0xe7, 0x3b, 0x64, 0xc4, 0x3, 0xe1, 0xad,
    0x4d, 0xac, 0xb0, 0xf, 0xb, 0x18, 0x80, 0x5e,
    0x20, 0x1f, 0xf2, 0x28, 0x98, 0x7, 0xc9, 0x58,
    0x9a, 0x66, 0x10, 0xf, 0x1a, 0x76, 0x24, 0xb0,
    0x7, 0xf9, 0x0, 0x3f, 0xf8, 0x6, 0x1, 0xc4,
    0xc0, 0x1f, 0xb, 0xcd, 0xa6, 0xca, 0x98, 0x7,
    0x9c, 0xaa, 0x89, 0xb7, 0x26, 0x1, 0xe9, 0x53,
    0x10, 0xf, 0xf9, 0x40, 0x3c, 0x82, 0x1, 0xe1,
    0x35, 0x77, 0x5f, 0x4c, 0x80, 0x38, 0x76, 0x34,
    0x5a, 0xbb, 0x60, 0x3, 0x87, 0x2e, 0x18, 0x44,
    0x1, 0xff, 0xd2, 0x13, 0x6b, 0x50, 0x36, 0x79,
    0xab, 0xd4, 0xdd, 0x47, 0x99, 0x80, 0xbc, 0x76,
    0x6b, 0x7b, 0x72, 0xe6, 0x18, 0x0,

    /* U+91CD "重" */
    0x0, 0xfc, 0x22, 0x0, 0xff, 0x8f, 0x34, 0x3,
    0xf9, 0x2e, 0x21, 0x80, 0x1e, 0x38, 0xa3, 0xb,
    0x50, 0xf, 0xb, 0xcd, 0x38, 0x80, 0x42, 0xaa,
    0x0, 0xa, 0x8, 0x8d, 0xa2, 0xb3, 0x7f, 0x41,
    0xe7, 0x31, 0x76, 0xa, 0xa6, 0x62, 0xa0, 0x16,
    0xbf, 0x2a, 0x18, 0x88, 0xba, 0x1, 0x11, 0xb3,
    0x22, 0x93, 0x23, 0x18, 0x3, 0x9b, 0xf2, 0xd3,
    0x2a, 0x98, 0x1, 0xc3, 0xe8, 0x22, 0x79, 0x71,
    0x0, 0xe3, 0x1a, 0xb6, 0x2a, 0x22, 0x0, 0x70,
    0xfd, 0x5b, 0xa9, 0x8b, 0x80, 0x78, 0x40, 0x99,
    0xea, 0x50, 0x3, 0x89, 0xf2, 0x4, 0xe3, 0x9c,
    0x3, 0x89, 0xb2, 0x9d, 0x8, 0x3, 0xf4, 0x80,
    0x5, 0xa7, 0x4c, 0x3, 0x8f, 0x75, 0x8c, 0x1b,
    0xe6, 0x1, 0xc7, 0xdb, 0x8e, 0xc8, 0x40, 0x1f,
    0x10, 0x4, 0x26, 0xb1, 0xa8, 0x2, 0xaf, 0x17,
    0xa9, 0x91, 0x9f, 0xc, 0x2, 0x41, 0xb1, 0x9d,
    0xb7, 0x2e, 0xa4, 0x0,

    /* U+957F "长" */
    0x0, 0xc8, 0x1, 0xff, 0xc2, 0x82, 0x0, 0x88,
    0x3, 0xf9, 0xd8, 0x2, 0x53, 0x0, 0xfc, 0x2c,
    0x1, 0x52, 0x0, 0x7f, 0xf0, 0x18, 0x58, 0x3,
    0xf8, 0xc0, 0xaf, 0x44, 0x3, 0xfe, 0xef, 0x10,
    0xf, 0xfa, 0x7c, 0x80, 0x3f, 0xe8, 0xd3, 0x0,
    0xff, 0xe0, 0x6a, 0x0, 0x61, 0x30, 0xf, 0x9d,
    0x1a, 0x6f, 0x72, 0x4, 0x16, 0x2f, 0x56, 0x20,
    0x1b, 0x3b, 0xab, 0x10, 0x7, 0xc6, 0xa5, 0x23,
    0xa1, 0x0, 0x72, 0xb9, 0x80, 0x6, 0x60, 0x3,
    0xff, 0x82, 0x3e, 0xa0, 0x1f, 0xe7, 0x0, 0x37,
    0x8, 0x7, 0xff, 0x7, 0xec, 0x3, 0xff, 0x80,
    0x28, 0xc, 0x1, 0xfe, 0x29, 0xb, 0x84, 0x0,
    0xfc, 0x51, 0x0, 0x16, 0xb8, 0x20, 0xe, 0x1e,
    0x80, 0xa, 0xc, 0xa8, 0xc0, 0x24, 0x28, 0x20,
    0xd, 0x95, 0x6, 0x1, 0x2c, 0x20, 0x7, 0xf0,

    /* U+95EE "问" */
    0x1, 0x30, 0xf, 0xf8, 0x60, 0x40, 0x3e, 0x30,
    0xb, 0x6c, 0x3, 0x12, 0xc6, 0x11, 0x8b, 0x98,
    0x5e, 0xea, 0xb, 0x48, 0x83, 0x43, 0x61, 0x5b,
    0xaa, 0x75, 0x60, 0x27, 0x2, 0x1, 0x0, 0xfc,
    0xa0, 0x1f, 0xfc, 0x34, 0x0, 0x10, 0x80, 0x7e,
    0xd4, 0x7e, 0x90, 0xf, 0xcb, 0xa4, 0xd4, 0x1,
    0xf9, 0x25, 0x4c, 0xc0, 0x1f, 0xf1, 0x88, 0x7,
    0xff, 0x24, 0xeb, 0x5c, 0xc0, 0x3f, 0x34, 0xee,
    0x8c, 0x3, 0xf5, 0x18, 0x7, 0xfc, 0xe0, 0x1f,
    0xfc, 0xa3, 0x0, 0xf0, 0x80, 0x64, 0x0, 0xfd,
    0x46, 0x0, 0x73, 0x0, 0xf0, 0xf6, 0x8, 0x1f,
    0x80, 0x7c, 0x8c, 0x40, 0x6, 0x0, 0xfd, 0x34,
    0x0,

    /* U+95F4 "间" */
    0x0, 0x8, 0x7, 0xff, 0x2, 0xc0, 0x3f, 0x10,
    0x5, 0x92, 0x1, 0x85, 0x1b, 0x4c, 0x5, 0xd4,
    0x23, 0x3b, 0x74, 0x24, 0x61, 0x63, 0x21, 0x3d,
    0xcc, 0x97, 0x60, 0x0, 0x92, 0x80, 0x90, 0x7,
    0xc2, 0x40, 0x1f, 0xfc, 0x26, 0x1, 0x4d, 0x10,
    0xc, 0x60, 0xa, 0xca, 0xd0, 0x10, 0xf, 0x97,
    0x2e, 0x58, 0x3, 0xff, 0x80, 0x20, 0x1f, 0x8e,
    0x74, 0xc0, 0x3f, 0x8e, 0x34, 0xcc, 0x1, 0xfc,
    0x20, 0x22, 0x0, 0xfc, 0x64, 0xb0, 0x60, 0x1f,
    0x9e, 0xcb, 0x20, 0x3, 0xf3, 0xcb, 0xa9, 0x80,
    0x7e, 0x90, 0xf, 0xe3, 0x0, 0x18, 0x7, 0x9c,
    0x0, 0xc0, 0x1f, 0x48, 0x80, 0x44, 0x1, 0xf5,
    0xfb, 0x80, 0x1c, 0x3, 0xe2, 0x92, 0x0, 0x40,
    0x7, 0xe7, 0xa0,

    /* U+9762 "面" */
    0x0, 0xfe, 0x24, 0x6a, 0xa0, 0x1a, 0xb3, 0xcd,
    0x67, 0x64, 0x60, 0xe7, 0x81, 0x7f, 0xe, 0xc6,
    0xf, 0x54, 0x3b, 0x28, 0xd, 0x43, 0x21, 0x11,
    0x8, 0x3, 0xff, 0x80, 0xfa, 0x1, 0x84, 0x3,
    0x18, 0x4, 0x4e, 0x2, 0x93, 0x60, 0x1d, 0xf,
    0x35, 0xba, 0xfd, 0x3c, 0x0, 0xc4, 0x64, 0x4d,
    0xcd, 0x49, 0xc2, 0x0, 0xe3, 0x52, 0x0, 0xe1,
    0x70, 0xc, 0x20, 0x18, 0xc4, 0x1, 0xe2, 0x1,
    0xc2, 0x7, 0x74, 0x46, 0x2, 0x60, 0x1f, 0x1d,
    0xc9, 0x0, 0x42, 0x1, 0xff, 0x8, 0x18, 0x7,
    0xe3, 0x9c, 0x40, 0xf, 0xfe, 0x4, 0x63, 0xf8,
    0x7, 0xfc, 0x20, 0x1f, 0xf1, 0x80, 0x61, 0x1,
    0x10, 0x7, 0x99, 0x5a, 0x2b, 0xe3, 0x4, 0x3,
    0x84, 0xb6, 0xb2, 0x37, 0xf4, 0x80, 0x38, 0x66,
    0x19, 0x8, 0x40, 0x14, 0x1, 0xe7, 0x0, 0xf8,
    0x80, 0x20,

    /* U+9AD8 "高" */
    0x0, 0xf0, 0x98, 0x7, 0xff, 0x4, 0x68, 0x80,
    0x3f, 0xf8, 0x35, 0x20, 0x1f, 0xfc, 0x13, 0xc0,
    0x25, 0x9c, 0x20, 0x0, 0x92, 0x34, 0x5d, 0xb2,
    0x37, 0xe0, 0xc3, 0x3e, 0x70, 0x2e, 0xb3, 0x17,
    0xc, 0x82, 0x19, 0xd7, 0x24, 0x64, 0xb3, 0xa0,
    0x1f, 0x86, 0xb2, 0x8f, 0xd0, 0x3, 0xf9, 0xf2,
    0x59, 0x74, 0x3, 0xff, 0x80, 0x28, 0x1, 0xfe,
    0x4b, 0xca, 0xe1, 0x0, 0xf0, 0x80, 0x1e, 0xf2,
    0xe5, 0x2, 0xc4, 0x2, 0x22, 0x7, 0x23, 0xcd,
    0xe5, 0xa8, 0x6, 0x1c, 0xde, 0xc2, 0xab, 0xcb,
    0x21, 0x0, 0x8d, 0xb6, 0x61, 0x4e, 0x0, 0x58,
    0x3, 0xe7, 0xcb, 0xa5, 0x3, 0x30, 0x7, 0xe8,
    0xba, 0x40, 0x1e, 0x0, 0xfc, 0x26, 0xc0, 0x6,
    0x10, 0xc, 0x20, 0x1, 0x9b, 0xc, 0x3, 0x20,
    0xf, 0x9a, 0x20, 0xcc, 0xe, 0x70, 0xc, 0x20,
    0x3, 0x40, 0x2, 0x31, 0x10, 0x3, 0x10, 0x7,
    0x9f, 0x50, 0x40, 0x31, 0xf0, 0x7, 0xa9, 0x0,
    0x3c, 0xc0, 0x1e, 0x1a, 0x0, 0x80
};


/*---------------------
 *  GLYPH DESCRIPTION
 *--------------------*/

static const lv_font_fmt_txt_glyph_dsc_t glyph_dsc[] = {
    {.bitmap_index = 0, .adv_w = 0, .box_w = 0, .box_h = 0, .ofs_x = 0, .ofs_y = 0} /* id = 0 reserved */,
    {.bitmap_index = 0, .adv_w = 269, .box_w = 15, .box_h = 4, .ofs_x = 1, .ofs_y = 6},
    {.bitmap_index = 24, .adv_w = 269, .box_w = 15, .box_h = 19, .ofs_x = 1, .ofs_y = -2},
    {.bitmap_index = 91, .adv_w = 269, .box_w = 15, .box_h = 22, .ofs_x = 1, .ofs_y = -3},
    {.bitmap_index = 155, .adv_w = 269, .box_w = 15, .box_h = 22, .ofs_x = 1, .ofs_y = -4},
    {.bitmap_index = 243, .adv_w = 269, .box_w = 15, .box_h = 22, .ofs_x = 1, .ofs_y = -4},
    {.bitmap_index = 352, .adv_w = 269, .box_w = 13, .box_h = 24, .ofs_x = 1, .ofs_y = -5},
    {.bitmap_index = 461, .adv_w = 269, .box_w = 15, .box_h = 23, .ofs_x = 1, .ofs_y = -4},
    {.bitmap_index = 569, .adv_w = 269, .box_w = 15, .box_h = 22, .ofs_x = 1, .ofs_y = -4},
    {.bitmap_index = 696, .adv_w = 269, .box_w = 15, .box_h = 25, .ofs_x = 1, .ofs_y = -5},
    {.bitmap_index = 793, .adv_w = 269, .box_w = 12, .box_h = 25, .ofs_x = 3, .ofs_y = -5},
    {.bitmap_index = 882, .adv_w = 269, .box_w = 15, .box_h = 22, .ofs_x = 1, .ofs_y = -3},
    {.bitmap_index = 974, .adv_w = 269, .box_w = 12, .box_h = 23, .ofs_x = 2, .ofs_y = -4},
    {.bitmap_index = 1076, .adv_w = 269, .box_w = 15, .box_h = 21, .ofs_x = 1, .ofs_y = -3},
    {.bitmap_index = 1178, .adv_w = 269, .box_w = 16, .box_h = 22, .ofs_x = 0, .ofs_y = -3},
    {.bitmap_index = 1303, .adv_w = 269, .box_w = 12, .box_h = 23, .ofs_x = 2, .ofs_y = -5},
    {.bitmap_index = 1380, .adv_w = 269, .box_w = 15, .box_h = 25, .ofs_x = 1, .ofs_y = -5},
    {.bitmap_index = 1522, .adv_w = 269, .box_w = 14, .box_h = 23, .ofs_x = 1, .ofs_y = -5},
    {.bitmap_index = 1599, .adv_w = 269, .box_w = 15, .box_h = 23, .ofs_x = 1, .ofs_y = -4},
    {.bitmap_index = 1735, .adv_w = 269, .box_w = 16, .box_h = 25, .ofs_x = 0, .ofs_y = -5},
    {.bitmap_index = 1861, .adv_w = 269, .box_w = 17, .box_h = 23, .ofs_x = 0, .ofs_y = -4},
    {.bitmap_index = 1974, .adv_w = 269, .box_w = 16, .box_h = 24, .ofs_x = 0, .ofs_y = -5},
    {.bitmap_index = 2102, .adv_w = 269, .box_w = 15, .box_h = 22, .ofs_x = 1, .ofs_y = -3},
    {.bitmap_index = 2225, .adv_w = 269, .box_w = 15, .box_h = 24, .ofs_x = 1, .ofs_y = -5},
    {.bitmap_index = 2367, .adv_w = 269, .box_w = 16, .box_h = 24, .ofs_x = 0, .ofs_y = -5},
    {.bitmap_index = 2506, .adv_w = 269, .box_w = 16, .box_h = 24, .ofs_x = 0, .ofs_y = -5},
    {.bitmap_index = 2643, .adv_w = 269, .box_w = 16, .box_h = 25, .ofs_x = 0, .ofs_y = -5},
    {.bitmap_index = 2784, .adv_w = 269, .box_w = 16, .box_h = 25, .ofs_x = 0, .ofs_y = -5},
    {.bitmap_index = 2927, .adv_w = 269, .box_w = 16, .box_h = 24, .ofs_x = 1, .ofs_y = -5},
    {.bitmap_index = 3056, .adv_w = 269, .box_w = 16, .box_h = 23, .ofs_x = 0, .ofs_y = -4},
    {.bitmap_index = 3198, .adv_w = 269, .box_w = 16, .box_h = 25, .ofs_x = 0, .ofs_y = -6},
    {.bitmap_index = 3354, .adv_w = 269, .box_w = 16, .box_h = 23, .ofs_x = 0, .ofs_y = -4},
    {.bitmap_index = 3502, .adv_w = 269, .box_w = 15, .box_h = 22, .ofs_x = 1, .ofs_y = -3},
    {.bitmap_index = 3607, .adv_w = 269, .box_w = 16, .box_h = 20, .ofs_x = 0, .ofs_y = -3},
    {.bitmap_index = 3706, .adv_w = 269, .box_w = 16, .box_h = 23, .ofs_x = 1, .ofs_y = -4},
    {.bitmap_index = 3830, .adv_w = 269, .box_w = 16, .box_h = 22, .ofs_x = 0, .ofs_y = -4},
    {.bitmap_index = 3961, .adv_w = 269, .box_w = 15, .box_h = 23, .ofs_x = 1, .ofs_y = -4},
    {.bitmap_index = 4089, .adv_w = 269, .box_w = 15, .box_h = 24, .ofs_x = 1, .ofs_y = -5},
    {.bitmap_index = 4223, .adv_w = 269, .box_w = 14, .box_h = 22, .ofs_x = 1, .ofs_y = -4},
    {.bitmap_index = 4333, .adv_w = 269, .box_w = 12, .box_h = 23, .ofs_x = 2, .ofs_y = -4},
    {.bitmap_index = 4425, .adv_w = 269, .box_w = 17, .box_h = 23, .ofs_x = 0, .ofs_y = -4},
    {.bitmap_index = 4563, .adv_w = 269, .box_w = 14, .box_h = 23, .ofs_x = 1, .ofs_y = -4},
    {.bitmap_index = 4679, .adv_w = 269, .box_w = 14, .box_h = 24, .ofs_x = 1, .ofs_y = -5},
    {.bitmap_index = 4808, .adv_w = 269, .box_w = 14, .box_h = 23, .ofs_x = 1, .ofs_y = -4},
    {.bitmap_index = 4933, .adv_w = 269, .box_w = 15, .box_h = 24, .ofs_x = 1, .ofs_y = -5},
    {.bitmap_index = 5067, .adv_w = 269, .box_w = 14, .box_h = 24, .ofs_x = 1, .ofs_y = -4},
    {.bitmap_index = 5185, .adv_w = 269, .box_w = 15, .box_h = 23, .ofs_x = 0, .ofs_y = -4},
    {.bitmap_index = 5305, .adv_w = 269, .box_w = 14, .box_h = 24, .ofs_x = 1, .ofs_y = -5},
    {.bitmap_index = 5438, .adv_w = 269, .box_w = 14, .box_h = 24, .ofs_x = 1, .ofs_y = -5},
    {.bitmap_index = 5560, .adv_w = 269, .box_w = 15, .box_h = 24, .ofs_x = 1, .ofs_y = -5},
    {.bitmap_index = 5634, .adv_w = 269, .box_w = 15, .box_h = 23, .ofs_x = 1, .ofs_y = -4},
    {.bitmap_index = 5743, .adv_w = 269, .box_w = 15, .box_h = 22, .ofs_x = 1, .ofs_y = -4},
    {.bitmap_index = 5854, .adv_w = 269, .box_w = 15, .box_h = 21, .ofs_x = 1, .ofs_y = -3},
    {.bitmap_index = 5978, .adv_w = 269, .box_w = 16, .box_h = 24, .ofs_x = 0, .ofs_y = -5},
    {.bitmap_index = 6123, .adv_w = 269, .box_w = 13, .box_h = 20, .ofs_x = 2, .ofs_y = -3},
    {.bitmap_index = 6222, .adv_w = 269, .box_w = 15, .box_h = 21, .ofs_x = 1, .ofs_y = -4},
    {.bitmap_index = 6318, .adv_w = 269, .box_w = 12, .box_h = 24, .ofs_x = 3, .ofs_y = -5},
    {.bitmap_index = 6422, .adv_w = 269, .box_w = 14, .box_h = 22, .ofs_x = 1, .ofs_y = -3},
    {.bitmap_index = 6538, .adv_w = 269, .box_w = 12, .box_h = 23, .ofs_x = 3, .ofs_y = -4},
    {.bitmap_index = 6647, .adv_w = 269, .box_w = 15, .box_h = 24, .ofs_x = 0, .ofs_y = -5},
    {.bitmap_index = 6771, .adv_w = 269, .box_w = 12, .box_h = 22, .ofs_x = 3, .ofs_y = -4},
    {.bitmap_index = 6879, .adv_w = 269, .box_w = 13, .box_h = 22, .ofs_x = 2, .ofs_y = -4},
    {.bitmap_index = 6992, .adv_w = 269, .box_w = 15, .box_h = 24, .ofs_x = 1, .ofs_y = -5},
    {.bitmap_index = 7122, .adv_w = 269, .box_w = 15, .box_h = 23, .ofs_x = 1, .ofs_y = -4},
    {.bitmap_index = 7256, .adv_w = 269, .box_w = 17, .box_h = 22, .ofs_x = 0, .ofs_y = -3},
    {.bitmap_index = 7402, .adv_w = 269, .box_w = 15, .box_h = 22, .ofs_x = 1, .ofs_y = -3},
    {.bitmap_index = 7474, .adv_w = 269, .box_w = 15, .box_h = 23, .ofs_x = 1, .ofs_y = -4},
    {.bitmap_index = 7613, .adv_w = 269, .box_w = 15, .box_h = 24, .ofs_x = 1, .ofs_y = -4},
    {.bitmap_index = 7737, .adv_w = 269, .box_w = 13, .box_h = 24, .ofs_x = 2, .ofs_y = -4},
    {.bitmap_index = 7858, .adv_w = 269, .box_w = 15, .box_h = 23, .ofs_x = 1, .ofs_y = -4},
    {.bitmap_index = 7966, .adv_w = 269, .box_w = 15, .box_h = 22, .ofs_x = 1, .ofs_y = -4},
    {.bitmap_index = 8084, .adv_w = 269, .box_w = 15, .box_h = 23, .ofs_x = 1, .ofs_y = -4},
    {.bitmap_index = 8204, .adv_w = 269, .box_w = 15, .box_h = 23, .ofs_x = 1, .ofs_y = -4},
    {.bitmap_index = 8352, .adv_w = 269, .box_w = 16, .box_h = 24, .ofs_x = 0, .ofs_y = -5},
    {.bitmap_index = 8494, .adv_w = 269, .box_w = 15, .box_h = 23, .ofs_x = 0, .ofs_y = -4},
    {.bitmap_index = 8621, .adv_w = 269, .box_w = 15, .box_h = 23, .ofs_x = 1, .ofs_y = -4},
    {.bitmap_index = 8725, .adv_w = 269, .box_w = 15, .box_h = 24, .ofs_x = 1, .ofs_y = -5},
    {.bitmap_index = 8866, .adv_w = 269, .box_w = 13, .box_h = 23, .ofs_x = 2, .ofs_y = -4},
    {.bitmap_index = 8977, .adv_w = 269, .box_w = 15, .box_h = 24, .ofs_x = 1, .ofs_y = -4},
    {.bitmap_index = 9112, .adv_w = 269, .box_w = 15, .box_h = 23, .ofs_x = 1, .ofs_y = -4},
    {.bitmap_index = 9241, .adv_w = 269, .box_w = 15, .box_h = 23, .ofs_x = 1, .ofs_y = -4},
    {.bitmap_index = 9376, .adv_w = 269, .box_w = 15, .box_h = 24, .ofs_x = 1, .ofs_y = -5},
    {.bitmap_index = 9523, .adv_w = 269, .box_w = 15, .box_h = 23, .ofs_x = 1, .ofs_y = -4},
    {.bitmap_index = 9645, .adv_w = 269, .box_w = 15, .box_h = 24, .ofs_x = 1, .ofs_y = -5},
    {.bitmap_index = 9790, .adv_w = 269, .box_w = 15, .box_h = 23, .ofs_x = 1, .ofs_y = -4},
    {.bitmap_index = 9888, .adv_w = 269, .box_w = 16, .box_h = 24, .ofs_x = 0, .ofs_y = -4},
    {.bitmap_index = 10043, .adv_w = 269, .box_w = 15, .box_h = 19, .ofs_x = 1, .ofs_y = -2},
    {.bitmap_index = 10103, .adv_w = 269, .box_w = 12, .box_h = 22, .ofs_x = 3, .ofs_y = -3},
    {.bitmap_index = 10190, .adv_w = 269, .box_w = 12, .box_h = 21, .ofs_x = 3, .ofs_y = -3},
    {.bitmap_index = 10271, .adv_w = 269, .box_w = 15, .box_h = 22, .ofs_x = 1, .ofs_y = -4},
    {.bitmap_index = 10341, .adv_w = 269, .box_w = 16, .box_h = 24, .ofs_x = 0, .ofs_y = -5},
    {.bitmap_index = 10453, .adv_w = 269, .box_w = 15, .box_h = 23, .ofs_x = 1, .ofs_y = -4},
    {.bitmap_index = 10577, .adv_w = 269, .box_w = 14, .box_h = 23, .ofs_x = 1, .ofs_y = -4},
    {.bitmap_index = 10707, .adv_w = 269, .box_w = 15, .box_h = 22, .ofs_x = 1, .ofs_y = -4},
    {.bitmap_index = 10815, .adv_w = 269, .box_w = 14, .box_h = 22, .ofs_x = 1, .ofs_y = -4},
    {.bitmap_index = 10958, .adv_w = 269, .box_w = 12, .box_h = 22, .ofs_x = 2, .ofs_y = -3},
    {.bitmap_index = 11066, .adv_w = 269, .box_w = 14, .box_h = 23, .ofs_x = 1, .ofs_y = -4},
    {.bitmap_index = 11217, .adv_w = 269, .box_w = 16, .box_h = 23, .ofs_x = 0, .ofs_y = -4},
    {.bitmap_index = 11362, .adv_w = 269, .box_w = 15, .box_h = 23, .ofs_x = 1, .ofs_y = -4},
    {.bitmap_index = 11503, .adv_w = 269, .box_w = 15, .box_h = 19, .ofs_x = 1, .ofs_y = -2},
    {.bitmap_index = 11613, .adv_w = 269, .box_w = 15, .box_h = 24, .ofs_x = 1, .ofs_y = -5},
    {.bitmap_index = 11741, .adv_w = 269, .box_w = 15, .box_h = 25, .ofs_x = 1, .ofs_y = -5},
    {.bitmap_index = 11882, .adv_w = 269, .box_w = 14, .box_h = 24, .ofs_x = 1, .ofs_y = -5},
    {.bitmap_index = 12032, .adv_w = 269, .box_w = 15, .box_h = 25, .ofs_x = 1, .ofs_y = -5},
    {.bitmap_index = 12184, .adv_w = 269, .box_w = 15, .box_h = 23, .ofs_x = 1, .ofs_y = -4},
    {.bitmap_index = 12321, .adv_w = 269, .box_w = 14, .box_h = 23, .ofs_x = 2, .ofs_y = -4},
    {.bitmap_index = 12453, .adv_w = 269, .box_w = 15, .box_h = 23, .ofs_x = 1, .ofs_y = -4},
    {.bitmap_index = 12592, .adv_w = 269, .box_w = 14, .box_h = 23, .ofs_x = 1, .ofs_y = -4},
    {.bitmap_index = 12726, .adv_w = 269, .box_w = 16, .box_h = 24, .ofs_x = 0, .ofs_y = -5},
    {.bitmap_index = 12863, .adv_w = 269, .box_w = 15, .box_h = 24, .ofs_x = 1, .ofs_y = -5},
    {.bitmap_index = 12973, .adv_w = 269, .box_w = 15, .box_h = 23, .ofs_x = 1, .ofs_y = -4},
    {.bitmap_index = 13101, .adv_w = 269, .box_w = 16, .box_h = 23, .ofs_x = 0, .ofs_y = -4},
    {.bitmap_index = 13239, .adv_w = 269, .box_w = 16, .box_h = 24, .ofs_x = 1, .ofs_y = -5},
    {.bitmap_index = 13405, .adv_w = 269, .box_w = 15, .box_h = 23, .ofs_x = 1, .ofs_y = -4},
    {.bitmap_index = 13524, .adv_w = 269, .box_w = 15, .box_h = 24, .ofs_x = 1, .ofs_y = -5},
    {.bitmap_index = 13670, .adv_w = 269, .box_w = 16, .box_h = 24, .ofs_x = 0, .ofs_y = -5},
    {.bitmap_index = 13816, .adv_w = 269, .box_w = 15, .box_h = 23, .ofs_x = 1, .ofs_y = -4},
    {.bitmap_index = 13938, .adv_w = 269, .box_w = 14, .box_h = 21, .ofs_x = 1, .ofs_y = -4},
    {.bitmap_index = 14052, .adv_w = 269, .box_w = 9, .box_h = 19, .ofs_x = 4, .ofs_y = -3},
    {.bitmap_index = 14115, .adv_w = 269, .box_w = 14, .box_h = 23, .ofs_x = 2, .ofs_y = -4},
    {.bitmap_index = 14226, .adv_w = 269, .box_w = 13, .box_h = 23, .ofs_x = 2, .ofs_y = -4},
    {.bitmap_index = 14348, .adv_w = 269, .box_w = 16, .box_h = 23, .ofs_x = 0, .ofs_y = -4},
    {.bitmap_index = 14482, .adv_w = 269, .box_w = 15, .box_h = 24, .ofs_x = 1, .ofs_y = -5},
    {.bitmap_index = 14630, .adv_w = 269, .box_w = 12, .box_h = 22, .ofs_x = 2, .ofs_y = -3},
    {.bitmap_index = 14718, .adv_w = 269, .box_w = 16, .box_h = 25, .ofs_x = 0, .ofs_y = -5},
    {.bitmap_index = 14854, .adv_w = 269, .box_w = 14, .box_h = 25, .ofs_x = 1, .ofs_y = -5},
    {.bitmap_index = 14994, .adv_w = 269, .box_w = 14, .box_h = 24, .ofs_x = 1, .ofs_y = -5},
    {.bitmap_index = 15135, .adv_w = 269, .box_w = 16, .box_h = 24, .ofs_x = 0, .ofs_y = -4},
    {.bitmap_index = 15257, .adv_w = 269, .box_w = 16, .box_h = 23, .ofs_x = 0, .ofs_y = -4},
    {.bitmap_index = 15384, .adv_w = 269, .box_w = 15, .box_h = 25, .ofs_x = 1, .ofs_y = -5},
    {.bitmap_index = 15519, .adv_w = 269, .box_w = 16, .box_h = 24, .ofs_x = 1, .ofs_y = -5},
    {.bitmap_index = 15654, .adv_w = 269, .box_w = 16, .box_h = 24, .ofs_x = 0, .ofs_y = -5},
    {.bitmap_index = 15792, .adv_w = 269, .box_w = 16, .box_h = 24, .ofs_x = 0, .ofs_y = -5},
    {.bitmap_index = 15932, .adv_w = 269, .box_w = 15, .box_h = 20, .ofs_x = 1, .ofs_y = -3},
    {.bitmap_index = 16015, .adv_w = 269, .box_w = 15, .box_h = 23, .ofs_x = 1, .ofs_y = -4},
    {.bitmap_index = 16124, .adv_w = 269, .box_w = 13, .box_h = 23, .ofs_x = 2, .ofs_y = -4},
    {.bitmap_index = 16239, .adv_w = 269, .box_w = 15, .box_h = 24, .ofs_x = 1, .ofs_y = -5},
    {.bitmap_index = 16364, .adv_w = 269, .box_w = 15, .box_h = 23, .ofs_x = 1, .ofs_y = -5},
    {.bitmap_index = 16509, .adv_w = 269, .box_w = 15, .box_h = 23, .ofs_x = 1, .ofs_y = -4},
    {.bitmap_index = 16643, .adv_w = 269, .box_w = 13, .box_h = 24, .ofs_x = 2, .ofs_y = -5},
    {.bitmap_index = 16760, .adv_w = 269, .box_w = 15, .box_h = 24, .ofs_x = 1, .ofs_y = -5},
    {.bitmap_index = 16919, .adv_w = 269, .box_w = 14, .box_h = 24, .ofs_x = 1, .ofs_y = -5},
    {.bitmap_index = 17061, .adv_w = 269, .box_w = 16, .box_h = 24, .ofs_x = 0, .ofs_y = -5},
    {.bitmap_index = 17209, .adv_w = 269, .box_w = 16, .box_h = 23, .ofs_x = 0, .ofs_y = -5},
    {.bitmap_index = 17350, .adv_w = 269, .box_w = 16, .box_h = 21, .ofs_x = 0, .ofs_y = -3},
    {.bitmap_index = 17475, .adv_w = 269, .box_w = 15, .box_h = 23, .ofs_x = 1, .ofs_y = -4},
    {.bitmap_index = 17586, .adv_w = 269, .box_w = 14, .box_h = 22, .ofs_x = 1, .ofs_y = -4},
    {.bitmap_index = 17695, .adv_w = 269, .box_w = 12, .box_h = 23, .ofs_x = 3, .ofs_y = -4},
    {.bitmap_index = 17800, .adv_w = 269, .box_w = 13, .box_h = 22, .ofs_x = 2, .ofs_y = -3},
    {.bitmap_index = 17905, .adv_w = 269, .box_w = 13, .box_h = 24, .ofs_x = 2, .ofs_y = -5},
    {.bitmap_index = 18036, .adv_w = 269, .box_w = 15, .box_h = 23, .ofs_x = 0, .ofs_y = -4},
    {.bitmap_index = 18163, .adv_w = 269, .box_w = 15, .box_h = 24, .ofs_x = 1, .ofs_y = -5},
    {.bitmap_index = 18305, .adv_w = 269, .box_w = 15, .box_h = 24, .ofs_x = 1, .ofs_y = -5},
    {.bitmap_index = 18453, .adv_w = 269, .box_w = 14, .box_h = 23, .ofs_x = 1, .ofs_y = -4},
    {.bitmap_index = 18577, .adv_w = 269, .box_w = 15, .box_h = 24, .ofs_x = 1, .ofs_y = -5},
    {.bitmap_index = 18707, .adv_w = 269, .box_w = 15, .box_h = 25, .ofs_x = 1, .ofs_y = -5},
    {.bitmap_index = 18860, .adv_w = 269, .box_w = 13, .box_h = 23, .ofs_x = 1, .ofs_y = -4},
    {.bitmap_index = 18981, .adv_w = 269, .box_w = 15, .box_h = 22, .ofs_x = 1, .ofs_y = -3},
    {.bitmap_index = 19115, .adv_w = 269, .box_w = 15, .box_h = 25, .ofs_x = 1, .ofs_y = -5},
    {.bitmap_index = 19259, .adv_w = 269, .box_w = 15, .box_h = 25, .ofs_x = 1, .ofs_y = -5},
    {.bitmap_index = 19395, .adv_w = 269, .box_w = 16, .box_h = 23, .ofs_x = 0, .ofs_y = -5},
    {.bitmap_index = 19524, .adv_w = 269, .box_w = 13, .box_h = 23, .ofs_x = 2, .ofs_y = -4},
    {.bitmap_index = 19659, .adv_w = 269, .box_w = 9, .box_h = 24, .ofs_x = 4, .ofs_y = -5},
    {.bitmap_index = 19748, .adv_w = 269, .box_w = 16, .box_h = 23, .ofs_x = 0, .ofs_y = -4},
    {.bitmap_index = 19864, .adv_w = 269, .box_w = 16, .box_h = 24, .ofs_x = 0, .ofs_y = -5},
    {.bitmap_index = 20012, .adv_w = 269, .box_w = 15, .box_h = 21, .ofs_x = 1, .ofs_y = -4},
    {.bitmap_index = 20131, .adv_w = 269, .box_w = 15, .box_h = 22, .ofs_x = 1, .ofs_y = -4},
    {.bitmap_index = 20265, .adv_w = 269, .box_w = 15, .box_h = 23, .ofs_x = 1, .ofs_y = -4},
    {.bitmap_index = 20387, .adv_w = 269, .box_w = 15, .box_h = 23, .ofs_x = 1, .ofs_y = -4},
    {.bitmap_index = 20529, .adv_w = 269, .box_w = 16, .box_h = 24, .ofs_x = 0, .ofs_y = -5},
    {.bitmap_index = 20673, .adv_w = 269, .box_w = 15, .box_h = 25, .ofs_x = 1, .ofs_y = -5},
    {.bitmap_index = 20814, .adv_w = 269, .box_w = 14, .box_h = 24, .ofs_x = 1, .ofs_y = -5},
    {.bitmap_index = 20940, .adv_w = 269, .box_w = 15, .box_h = 25, .ofs_x = 1, .ofs_y = -5},
    {.bitmap_index = 21062, .adv_w = 269, .box_w = 16, .box_h = 23, .ofs_x = 0, .ofs_y = -4},
    {.bitmap_index = 21199, .adv_w = 269, .box_w = 16, .box_h = 23, .ofs_x = 0, .ofs_y = -4},
    {.bitmap_index = 21328, .adv_w = 269, .box_w = 16, .box_h = 21, .ofs_x = 1, .ofs_y = -4},
    {.bitmap_index = 21458, .adv_w = 269, .box_w = 16, .box_h = 23, .ofs_x = 0, .ofs_y = -4},
    {.bitmap_index = 21595, .adv_w = 269, .box_w = 15, .box_h = 23, .ofs_x = 1, .ofs_y = -4},
    {.bitmap_index = 21728, .adv_w = 269, .box_w = 16, .box_h = 25, .ofs_x = 0, .ofs_y = -5},
    {.bitmap_index = 21882, .adv_w = 269, .box_w = 14, .box_h = 22, .ofs_x = 1, .ofs_y = -4},
    {.bitmap_index = 22010, .adv_w = 269, .box_w = 15, .box_h = 24, .ofs_x = 0, .ofs_y = -5},
    {.bitmap_index = 22156, .adv_w = 269, .box_w = 15, .box_h = 24, .ofs_x = 0, .ofs_y = -5},
    {.bitmap_index = 22305, .adv_w = 269, .box_w = 15, .box_h = 21, .ofs_x = 1, .ofs_y = -3},
    {.bitmap_index = 22415, .adv_w = 269, .box_w = 14, .box_h = 22, .ofs_x = 2, .ofs_y = -3},
    {.bitmap_index = 22547, .adv_w = 269, .box_w = 15, .box_h = 23, .ofs_x = 1, .ofs_y = -4},
    {.bitmap_index = 22667, .adv_w = 269, .box_w = 13, .box_h = 23, .ofs_x = 2, .ofs_y = -4},
    {.bitmap_index = 22764, .adv_w = 269, .box_w = 13, .box_h = 23, .ofs_x = 2, .ofs_y = -4},
    {.bitmap_index = 22871, .adv_w = 269, .box_w = 15, .box_h = 21, .ofs_x = 1, .ofs_y = -4},
    {.bitmap_index = 22993, .adv_w = 269, .box_w = 15, .box_h = 24, .ofs_x = 1, .ofs_y = -5}
};

/*---------------------
 *  CHARACTER MAPPING
 *--------------------*/

static const uint16_t unicode_list_0[] = {
    0x0, 0x9, 0xa, 0xb, 0xd, 0xe, 0x1a, 0x24,
    0x2a, 0x2d, 0x3b, 0x48, 0x4b, 0x5f, 0x86, 0x8b,
    0x8e, 0x9b, 0xa7, 0xba, 0xca, 0xce, 0xd6, 0x11a,
    0x146, 0x14d, 0x153, 0x15c, 0x160, 0x17f, 0x25a, 0x33f,
    0x365, 0x368, 0x36c, 0x373, 0x376, 0x39b, 0x3fa, 0x406,
    0x419, 0x430, 0x436, 0x44d, 0x49b, 0x4a0, 0x4a8, 0x516,
    0x541, 0x5bb, 0x5c8, 0x5ca, 0x5d1, 0x5ea, 0x5ef, 0x60c,
    0x60e, 0x611, 0x68c, 0x8e0, 0x8fd, 0x928, 0x930, 0x9fa,
    0xaeb, 0xb0d, 0xb16, 0xb1a, 0xb27, 0xb29, 0xb34, 0xb79,
    0xb7d, 0xb82, 0xd50, 0xd66, 0xd83, 0xd8c, 0xd9a, 0xd9e,
    0xdb6, 0xdf9, 0xe06, 0xe0f, 0xe31, 0xfe5, 0xff1, 0xff2,
    0x1072, 0x1074, 0x1076, 0x1094, 0x1100, 0x113a, 0x1153, 0x1171,
    0x1188, 0x1197, 0x11c3, 0x1227, 0x12c5, 0x12f3, 0x130f, 0x1410,
    0x1411, 0x1416, 0x1418, 0x1440, 0x144b, 0x148a, 0x173f, 0x1770,
    0x1787, 0x17af, 0x17b0, 0x17b9, 0x17e0, 0x17e5, 0x17f6, 0x180e,
    0x182f, 0x1900, 0x1908, 0x1909, 0x191d, 0x191f, 0x192c, 0x193a,
    0x1965, 0x1997, 0x199c, 0x1a37, 0x1d63, 0x1d64, 0x1e11, 0x1e34,
    0x1ea1, 0x1ed5, 0x22b9, 0x2336, 0x2469, 0x2479, 0x25b0, 0x2606,
    0x271f, 0x2728, 0x2731, 0x2735, 0x2884, 0x28f8, 0x290b, 0x2940,
    0x29e5, 0x2bcd, 0x2d2c, 0x2efb, 0x30cf, 0x318e, 0x3205, 0x320c,
    0x32fd, 0x33ea, 0x3a4c, 0x3a68, 0x3b7f, 0x3b81, 0x3bc1, 0x3df4,
    0x3f77, 0x3fef, 0x40ab, 0x4166, 0x41b9, 0x41c7, 0x41d8, 0x41d9,
    0x41db, 0x4253, 0x42a3, 0x42e8, 0x42fd, 0x43cc, 0x43cd, 0x477f,
    0x47ee, 0x47f4, 0x4962, 0x4cd8
};

/*Collect the unicode lists and glyph_id offsets*/
static const lv_font_fmt_txt_cmap_t cmaps[] =
{
    {
        .range_start = 19968, .range_length = 19673, .glyph_id_start = 1,
        .unicode_list = unicode_list_0, .glyph_id_ofs_list = NULL, .list_length = 188, .type = LV_FONT_FMT_TXT_CMAP_SPARSE_TINY
    }
};



/*--------------------
 *  ALL CUSTOM DATA
 *--------------------*/

#if LVGL_VERSION_MAJOR == 8
/*Store all the custom data of the font*/
static  lv_font_fmt_txt_glyph_cache_t cache;
#endif

#if LVGL_VERSION_MAJOR >= 8
static const lv_font_fmt_txt_dsc_t font_dsc = {
#else
static lv_font_fmt_txt_dsc_t font_dsc = {
#endif
    .glyph_bitmap = glyph_bitmap,
    .glyph_dsc = glyph_dsc,
    .cmaps = cmaps,
    .kern_dsc = NULL,
    .kern_scale = 0,
    .cmap_num = 1,
    .bpp = 4,
    .kern_classes = 0,
    .bitmap_format = 1,
#if LVGL_VERSION_MAJOR == 8
    .cache = &cache
#endif
};



/*-----------------
 *  PUBLIC FONT
 *----------------*/

/*Initialize a public general font descriptor*/
#if LVGL_VERSION_MAJOR >= 8
const lv_font_t font_cn_24 = {
#else
lv_font_t font_cn_24 = {
#endif
    .get_glyph_dsc = lv_font_get_glyph_dsc_fmt_txt,    /*Function pointer to get glyph's data*/
    .get_glyph_bitmap = lv_font_get_bitmap_fmt_txt,    /*Function pointer to get glyph's bitmap*/
    .line_height = 26,          /*The maximum line height required by the font*/
    .base_line = 6,             /*Baseline measured from the bottom of the line*/
#if !(LVGL_VERSION_MAJOR == 6 && LVGL_VERSION_MINOR == 0)
    .subpx = LV_FONT_SUBPX_NONE,
#endif
#if LV_VERSION_CHECK(7, 4, 0) || LVGL_VERSION_MAJOR >= 8
    .underline_position = -4,
    .underline_thickness = 1,
#endif
    .dsc = &font_dsc,          /*The custom font data. Will be accessed by `get_glyph_bitmap/dsc` */
#if LV_VERSION_CHECK(8, 2, 0) || LVGL_VERSION_MAJOR >= 9
    .fallback = NULL,
#endif
    .user_data = NULL,
};



#endif /*#if FONT_CN_24*/

